Username,Email,Phone Number,Password,Address,Latitude,Longitude,Provider Type,Provider Name,State,City
Mary Bridge Pediatric Urgent Care - Olympia,MaryBridge@gmail.com,(360) 252-3801,Mary@123,"3504 12th Ave NE
Olympia, WA 98506",47.05615,-122.84578,urgent-care,Mary Bridge Pediatric Urgent Care - Olympia,wa,aberdeen
Concentra Urgent Care,ConcentraUrgent@gmail.com,(360) 455-1350,Concentra@123,"3928 Pacific Ave SE
Lacey, WA 98503",47.039787,-122.83576,urgent-care,Concentra Urgent Care,wa,aberdeen
Andrea Simmons,AndreaSimmons@gmail.com,(360) 507-9100,Andrea@123,"3525 Ensign Rd NE Ste B
Olympia, WA 98506",47.050907,-122.8462,urgent-care,Andrea Simmons,wa,aberdeen
Absolute Health Urgent Care Clinic,AbsoluteHealth@gmail.com,(360) 819-4288,Absolute@123,"2401 119th Ct SW Suite A104
Olympia, WA 98512",46.91466,-122.93414,urgent-care,Absolute Health Urgent Care Clinic,wa,aberdeen
Tumwater Family Practice Clinic,TumwaterFamily@gmail.com,(360) 754-6367,Tumwater@123,"150 Dennis St SW
Tumwater, WA 98501",46.989162,-122.90911,urgent-care,Tumwater Family Practice Clinic,wa,aberdeen
Daniel Morgenstern,DanielMorgenstern@gmail.com,(360) 507-9100,Daniel@123,"3525 Ensign Rd NE Ste B
Olympia, WA 98506",47.050907,-122.8462,urgent-care,Daniel Morgenstern,wa,aberdeen
Westcare Clinic,WestcareClinic@gmail.com,(360) 357-9392,Westcare@123,"3000 Limited Ln NW
Olympia, WA 98502",47.04796,-122.939514,urgent-care,Westcare Clinic,wa,aberdeen
Sunday Clinic,SundayClinic@gmail.com,(360) 791-1964,Sunday@123,"677 woodland square loop SE
Lacey, WA 98503",47.04292,-122.82534,urgent-care,Sunday Clinic,wa,aberdeen
