Username,Email,Phone Number,Password,Address,Latitude,Longitude,Provider Type,Provider Name,State,City
"Dr. Maria T. Martinez, DO",Dr.Maria@gmail.com,(360) 533-4599,Dr.@123,"615 N F St
Aberdeen, WA 98520",46.982094,-123.81942,primary-care,"Dr. Maria T. Martinez, DO",wa,aberdeen
"Clara Chon Shin, MD",ClaraChon@gmail.com,(360) 249-4111,Clara@123,"112 E Broadway Ave
Montesano, WA 98563",46.98158,-123.6005,primary-care,"Clara Chon Shin, MD",wa,aberdeen
"Hallak, Salam, MD","Hallak,Salam,@gmail.com",(360) 537-6430,"Hallak,@123","815 K St
Hoquiam, WA 98550",46.97538,-123.88479,primary-care,"Hallak, Salam, MD",wa,aberdeen
Montesano Clinic,MontesanoClinic@gmail.com,(360) 249-1980,Montesano@123,"319 E Pioneer Ave
Montesano, WA 98563",46.979416,-123.597984,primary-care,Montesano Clinic,wa,aberdeen
"Dr. Robert Bruce Worth, MD",Dr.Robert@gmail.com,(360) 533-6063,Dr.@123,"1020 Anderson Dr Ste 203
Aberdeen, WA 98520",46.981026,-123.84617,primary-care,"Dr. Robert Bruce Worth, MD",wa,aberdeen
"Brian Gutshall, DO","BrianGutshall,@gmail.com",(360) 532-8330,Brian@123,"915 Anderson Dr
Aberdeen, WA 98520",46.979527,-123.84659,primary-care,"Brian Gutshall, DO",wa,aberdeen
"Dr. Mel K Strange, MD",Dr.Mel@gmail.com,(360) 533-7104,Dr.@123,"815 K St
Hoquiam, WA 98550",46.97538,-123.88479,primary-care,"Dr. Mel K Strange, MD",wa,aberdeen
Grays Harbor Podiatry Clinic,GraysHarbor@gmail.com,(360) 637-6166,Grays@123,"2218 Simpson Ave
Aberdeen, WA 98520",46.975266,-123.84344,primary-care,Grays Harbor Podiatry Clinic,wa,aberdeen
"Werner, Haleigh A, MD","Werner,Haleigh@gmail.com",(360) 537-8801,"Werner,@123","1200 Basich Blvd
Aberdeen, WA 98520",46.983307,-123.84438,primary-care,"Werner, Haleigh A, MD",wa,aberdeen
"Hallak, Salam Y, MD","Hallak,Salam@gmail.com",(360) 537-6414,"Hallak,@123","1006 N H St
Aberdeen, WA 98520",46.98054,-123.82083,primary-care,"Hallak, Salam Y, MD",wa,aberdeen
"Dr. Philip Gibbs, MD",Dr.Philip@gmail.com,(360) 538-1276,Dr.@123,"611 N F St
Aberdeen, WA 98520",46.982082,-123.819405,primary-care,"Dr. Philip Gibbs, MD",wa,aberdeen
"Pei Shih Theng, Other",PeiShih@gmail.com,(360) 538-1293,Pei@123,"1813 Sumner Ave
Aberdeen, WA 98520",46.975903,-123.837944,primary-care,"Pei Shih Theng, Other",wa,aberdeen
"Dr. Colette M Kato, DO",Dr.Colette@gmail.com,(360) 532-1800,Dr.@123,"1220 Basich Blvd Ste A
Aberdeen, WA 98520",46.983555,-123.84428,primary-care,"Dr. Colette M Kato, DO",wa,aberdeen
Family Medicine Of Grays Harbor,FamilyMedicine@gmail.com,(360) 533-6063,Family@123,"1020 Anderson Dr Ste 203
Aberdeen, WA 98520",46.981026,-123.84617,primary-care,Family Medicine Of Grays Harbor,wa,aberdeen
"Heather N Armbrust, APRN",HeatherN@gmail.com,(360) 537-6496,Heather@123,"1006 N H St
Aberdeen, WA 98520",46.98054,-123.82083,primary-care,"Heather N Armbrust, APRN",wa,aberdeen
Aberdeen Cataract & Laser,AberdeenCataract@gmail.com,(360) 533-5800,Aberdeen@123,"118 W 1st St
Aberdeen, WA 98520",46.975636,-123.82048,primary-care,Aberdeen Cataract & Laser,wa,aberdeen
"Dr. Laura Arvilla Hallak, MD",Dr.Laura@gmail.com,(360) 537-6430,Dr.@123,"1921 Sumner Ave
Aberdeen, WA 98520",46.97591,-123.83935,primary-care,"Dr. Laura Arvilla Hallak, MD",wa,aberdeen
"Hernandez, Olga E, DO","Hernandez,Olga@gmail.com",(360) 533-6063,"Hernandez,@123","1020 Anderson Dr
Aberdeen, WA 98520",46.981026,-123.84617,primary-care,"Hernandez, Olga E, DO",wa,aberdeen
Hallak Medical Group,HallakMedical@gmail.com,(360) 537-6430,Hallak@123,"815 K St
Hoquiam, WA 98550",46.97538,-123.88479,primary-care,Hallak Medical Group,wa,aberdeen
Harbor Surgical Associates,HarborSurgical@gmail.com,(360) 537-6414,Harbor@123,"2217 Bay Ave
Aberdeen, WA 98520",46.97228,-123.84346,primary-care,Harbor Surgical Associates,wa,aberdeen
"Marasigan, Justin M, DO","Marasigan,Justin@gmail.com",(360) 537-6496,"Marasigan,@123","1006 N H St
Aberdeen, WA 98520",46.98054,-123.82083,primary-care,"Marasigan, Justin M, DO",wa,aberdeen
"Valentine, Nathan H, NP","Valentine,Nathan@gmail.com",(360) 533-6063,"Valentine,@123","1020 Anderson Dr
Aberdeen, WA 98520",46.981026,-123.84617,primary-care,"Valentine, Nathan H, NP",wa,aberdeen
"Iverson, Kimberly M","Iverson,Kimberly@gmail.com",(360) 537-6430,"Iverson,@123","815 K St
Hoquiam, WA 98550",46.97538,-123.88479,primary-care,"Iverson, Kimberly M",wa,aberdeen
Hoquiam Clinic,HoquiamClinic@gmail.com,(360) 537-6430,Hoquiam@123,"815 K St
Hoquiam, WA 98550",46.97538,-123.88479,primary-care,Hoquiam Clinic,wa,aberdeen
"Dr. John C. Bausher, MDPHD",Dr.John@gmail.com,(360) 533-6063,Dr.@123,"1020 Anderson Dr Ste 203
Aberdeen, WA 98520",46.981026,-123.84617,primary-care,"Dr. John C. Bausher, MDPHD",wa,aberdeen
"Shin, Young Ki, MD","Shin,Young@gmail.com",(360) 249-4111,"Shin,@123","112 E Broadway Ave
Montesano, WA 98563",46.98158,-123.6005,primary-care,"Shin, Young Ki, MD",wa,aberdeen
"Michael Bryce Parent, MD",MichaelBryce@gmail.com,(360) 533-8500,Michael@123,"1006 N H St
Aberdeen, WA 98520",46.98054,-123.82083,primary-care,"Michael Bryce Parent, MD",wa,aberdeen
Harbor Surgical Associates,HarborSurgical@gmail.com,(360) 537-6414,Harbor@123,"1006 N H St
Aberdeen, WA 98520",46.98054,-123.82083,primary-care,Harbor Surgical Associates,wa,aberdeen
"Lynda Brady Stafford, DO",LyndaBrady@gmail.com,(360) 249-3300,Lynda@123,"319 E Pioneer Ave
Montesano, WA 98563",46.979416,-123.597984,primary-care,"Lynda Brady Stafford, DO",wa,aberdeen
"Dr. Charles D Adams, MD",Dr.Charles@gmail.com,(360) 538-1293,Dr.@123,"1813 Sumner Ave
Aberdeen, WA 98520",46.975903,-123.837944,primary-care,"Dr. Charles D Adams, MD",wa,aberdeen
"George Brian Dueber, DO",GeorgeBrian@gmail.com,(360) 268-0195,George@123,"723 N Montesano St
Westport, WA 98595",46.892616,-124.10449,primary-care,"George Brian Dueber, DO",wa,aberdeen
Family Practice Center Of Grays Harbor,FamilyPractice@gmail.com,(360) 533-7104,Family@123,"815 K St
Hoquiam, WA 98550",46.97538,-123.88479,primary-care,Family Practice Center Of Grays Harbor,wa,aberdeen
Grays Harbor Internal Medicine,GraysHarbor@gmail.com,(360) 537-6496,Grays@123,"1006 N H St
Aberdeen, WA 98520",46.98054,-123.82083,primary-care,Grays Harbor Internal Medicine,wa,aberdeen
"Stephen Bernard Reznicek, MD",StephenBernard@gmail.com,(360) 537-6470,Stephen@123,"1006 N H St
Aberdeen, WA 98520",46.98054,-123.82083,primary-care,"Stephen Bernard Reznicek, MD",wa,aberdeen
"Singh, Ravikumar, MD","Singh,Ravikumar,@gmail.com",(360) 532-8330,"Singh,@123","915 Anderson Dr
Aberdeen, WA 98520",46.979527,-123.84659,primary-care,"Singh, Ravikumar, MD",wa,aberdeen
Coastal Internal Medicine,CoastalInternal@gmail.com,(360) 538-0135,Coastal@123,"1921 Sumner Ave
Aberdeen, WA 98520",46.97591,-123.83935,primary-care,Coastal Internal Medicine,wa,aberdeen
"Dr. Shelly Joyce Dueber, DO",Dr.Shelly@gmail.com,(360) 268-0195,Dr.@123,"801 N Montesano St
Westport, WA 98595",46.893555,-124.10451,primary-care,"Dr. Shelly Joyce Dueber, DO",wa,aberdeen
"Anne M Wong May, MD",AnneM@gmail.com,(360) 537-6496,Anne@123,"1006 N H St
Aberdeen, WA 98520",46.98054,-123.82083,primary-care,"Anne M Wong May, MD",wa,aberdeen
"Donohoe, Samuel M, MD","Donohoe,Samuel@gmail.com",(360) 532-8330,"Donohoe,@123","915 Anderson Dr
Aberdeen, WA 98520",46.979527,-123.84659,primary-care,"Donohoe, Samuel M, MD",wa,aberdeen
"Goold, Benjamin, MD","Goold,Benjamin,@gmail.com",(360) 538-4343,"Goold,@123","1006 N H St
Aberdeen, WA 98520",46.98054,-123.82083,primary-care,"Goold, Benjamin, MD",wa,aberdeen
"Dr. Richard D Lewis, MD",Dr.Richard@gmail.com,(360) 538-1609,Dr.@123,"815 K St
Hoquiam, WA 98550",46.97538,-123.88479,primary-care,"Dr. Richard D Lewis, MD",wa,aberdeen
"Dr. Juliette K. Erickson, MD",Dr.Juliette@gmail.com,(360) 533-6063,Dr.@123,"1020 Anderson Dr Ste 203
Aberdeen, WA 98520",46.981026,-123.84617,primary-care,"Dr. Juliette K. Erickson, MD",wa,aberdeen
"Dr. Craig J Teveliet, MD",Dr.Craig@gmail.com,(360) 533-7104,Dr.@123,"815 K St
Hoquiam, WA 98550",46.97538,-123.88479,primary-care,"Dr. Craig J Teveliet, MD",wa,aberdeen
"Buck, Julie M, MD","Buck,Julie@gmail.com",(360) 537-4139,"Buck,@123","915 Anderson Dr
Aberdeen, WA 98520",46.979527,-123.84659,primary-care,"Buck, Julie M, MD",wa,aberdeen
