Username,Email,Phone Number,Password,Address,Latitude,Longitude,Provider Type,Provider Name,State,City
Failor Chiropractic,FailorChiropractic@gmail.com,(360) 533-0044,Failor@123,"1812 Sumner Ave
Aberdeen, WA 98520",46.976177,-123.83794,chiropractics,Failor Chiropractic,wa,aberdeen
"Dr. Mark R Van Hemert, DC",Dr.Mark@gmail.com,(360) 533-6400,Dr.@123,"320 23rd St
Hoquiam, WA 98550",46.975777,-123.871414,chiropractics,"Dr. Mark R Van Hemert, DC",wa,aberdeen
Don Bell III DC,DonBell@gmail.com,(360) 533-6620,Don@123,"110 S Park St
Aberdeen, WA 98520",46.970646,-123.826454,chiropractics,Don Bell III DC,wa,aberdeen
"Pierce, Douglas C","Pierce,Douglas@gmail.com",(360) 532-0888,"Pierce,@123","2017 Sumner Ave
Hoquiam, WA 98550",46.976334,-123.87534,chiropractics,"Pierce, Douglas C",wa,aberdeen
Olympic Chiropractic,OlympicChiropractic@gmail.com,(360) 532-0888,Olympic@123,"2017 Sumner Ave
Hoquiam, WA 98550",46.976334,-123.87534,chiropractics,Olympic Chiropractic,wa,aberdeen
"Dr. Bradley Alan Hensley, DC",Dr.Bradley@gmail.com,(360) 532-0202,Dr.@123,"1906 Sumner Ave
Aberdeen, WA 98520",46.976185,-123.83921,chiropractics,"Dr. Bradley Alan Hensley, DC",wa,aberdeen
Hale Chiropractic,HaleChiropractic@gmail.com,(360) 533-8770,Hale@123,"101 Hill Rd
Aberdeen, WA 98520",46.97351,-123.69189,chiropractics,Hale Chiropractic,wa,aberdeen
"Dr. Gary D Chandler, DC",Dr.Gary@gmail.com,(360) 533-7960,Dr.@123,"1314 E Wishkah St
Aberdeen, WA 98520",46.97753,-123.80101,chiropractics,"Dr. Gary D Chandler, DC",wa,aberdeen
Failor Chiropractic,FailorChiropractic@gmail.com,(360) 637-9635,Failor@123,"308 W 5th St
Aberdeen, WA 98520",46.97775,-123.82585,chiropractics,Failor Chiropractic,wa,aberdeen
Dwyer Family Chiropractic,DwyerFamily@gmail.com,(360) 249-6360,Dwyer@123,"434 N 8th St
Montesano, WA 98563",46.985252,-123.61044,chiropractics,Dwyer Family Chiropractic,wa,aberdeen
Nature's Way Chiro Clinic,Nature'sWay@gmail.com,(360) 249-6360,Nature's@123,"209 S Main St
Montesano, WA 98563",46.97989,-123.601006,chiropractics,Nature's Way Chiro Clinic,wa,aberdeen
Elma Chiropractic Clinic,ElmaChiropractic@gmail.com,(360) 861-2103,Elma@123,"103 N 1st St
Elma, WA 98541",47.00462,-123.40151,chiropractics,Elma Chiropractic Clinic,wa,aberdeen
"Dr. Cyrus Dohrmann, DC",Dr.Cyrus@gmail.com,(360) 532-3200,Dr.@123,"2321 Simpson Ave
Aberdeen, WA 98520",46.97499,-123.844925,chiropractics,"Dr. Cyrus Dohrmann, DC",wa,aberdeen
Loertscher Chiropractic Clinic,LoertscherChiropractic@gmail.com,(360) 532-6545,Loertscher@123,"523 W 1st St
Aberdeen, WA 98520",46.97319,-123.82462,chiropractics,Loertscher Chiropractic Clinic,wa,aberdeen
"Floch, Tom, DC","Floch,Tom,@gmail.com",(360) 249-8291,"Floch,@123","330 W Pioneer Ave
Montesano, WA 98563",46.97961,-123.603584,chiropractics,"Floch, Tom, DC",wa,aberdeen
Hensley Chiropractic Clinic PS,HensleyChiropractic@gmail.com,(360) 532-0202,Hensley@123,"1906 Sumner Ave
Aberdeen, WA 98520",46.976185,-123.83921,chiropractics,Hensley Chiropractic Clinic PS,wa,aberdeen
Chiropractic Offices,ChiropracticOffices@gmail.com,(360) 533-6920,Chiropractic@123,"400 W Wishkah St
Aberdeen, WA 98520",46.97244,-123.82176,chiropractics,Chiropractic Offices,wa,aberdeen
Hoquiam Chiropractic,HoquiamChiropractic@gmail.com,(360) 533-6400,Hoquiam@123,"2223 Simpson Ave
Hoquiam, WA 98550",46.97553,-123.87145,chiropractics,Hoquiam Chiropractic,wa,aberdeen
Core Chiropractic Clinic,CoreChiropractic@gmail.com,(360) 249-8291,Core@123,"330 W Pioneer Ave
Montesano, WA 98563",46.97961,-123.603584,chiropractics,Core Chiropractic Clinic,wa,aberdeen
Dohrmann Family Chiropractic,DohrmannFamily@gmail.com,(360) 249-6360,Dohrmann@123,"209 S Main St
Montesano, WA 98563",46.97989,-123.601006,chiropractics,Dohrmann Family Chiropractic,wa,aberdeen
Linda S Rose Chiropractic DC,LindaS@gmail.com,(360) 533-6920,Linda@123,"400 W Wishkah St
Aberdeen, WA 98520",46.97244,-123.82176,chiropractics,Linda S Rose Chiropractic DC,wa,aberdeen
"Dr. Robert G Hale, DC",Dr.Robert@gmail.com,(360) 533-8770,Dr.@123,"2700 Simpson Ave Ste 102
Aberdeen, WA 98520",46.97527,-123.85082,chiropractics,"Dr. Robert G Hale, DC",wa,aberdeen
Precision Chiropractic Clinic,PrecisionChiropractic@gmail.com,(360) 533-7960,Precision@123,"1314 E Wishkah St
Aberdeen, WA 98520",46.97753,-123.80101,chiropractics,Precision Chiropractic Clinic,wa,aberdeen
Aberdeen Whiplash & Spinal Inj,AberdeenWhiplash@gmail.com,(360) 533-7246,Aberdeen@123,"1906 Sumner Ave
Aberdeen, WA 98520",46.976185,-123.83921,chiropractics,Aberdeen Whiplash & Spinal Inj,wa,aberdeen
"Dr. Katie Marie Stamwitz, DC",Dr.Katie@gmail.com,(360) 533-6920,Dr.@123,"400 W Wishkah St
Aberdeen, WA 98520",46.97244,-123.82176,chiropractics,"Dr. Katie Marie Stamwitz, DC",wa,aberdeen
Dohrmann Family Chiropractic,DohrmannFamily@gmail.com,(360) 532-3200,Dohrmann@123,"2321 Simpson Ave
Aberdeen, WA 98520",46.97499,-123.844925,chiropractics,Dohrmann Family Chiropractic,wa,aberdeen
Elma Chiropractic Clinic,ElmaChiropractic@gmail.com,(360) 861-2109,Elma@123,"104 N 1st St
Elma, WA 98541",47.004665,-123.401115,chiropractics,Elma Chiropractic Clinic,wa,aberdeen
Harbor Chiropractic Center Inc,HarborChiropractic@gmail.com,(360) 533-2630,Harbor@123,"2555 Sumner Ave
Hoquiam, WA 98550",46.97628,-123.866394,chiropractics,Harbor Chiropractic Center Inc,wa,aberdeen
"Dr. George H Powers, DC",Dr.George@gmail.com,(360) 533-2630,Dr.@123,"2555 Sumner Ave
Hoquiam, WA 98550",46.97628,-123.866394,chiropractics,"Dr. George H Powers, DC",wa,aberdeen
"Bell III, Don, DC","BellIII,@gmail.com",(360) 533-6620,Bell@123,"320 W Market St
Aberdeen, WA 98520",46.9738,-123.82168,chiropractics,"Bell III, Don, DC",wa,aberdeen
"Thomas, Adam F, DC","Thomas,Adam@gmail.com",(360) 249-8291,"Thomas,@123","330 W Pioneer Ave
Montesano, WA 98563",46.97961,-123.603584,chiropractics,"Thomas, Adam F, DC",wa,aberdeen
