Username,Email,Phone Number,Password,Address,Latitude,Longitude,Provider Type,Provider Name,State,City
Quest Diagnostics,QuestDiagnostics@gmail.com,(360) 532-0737,Quest@123,"1921 Sumner Ave
Aberdeen, WA 98520",46.97591,-123.83935,diagnostic-center,Quest Diagnostics,wa,aberdeen
LabCorp,LabCorp@gmail.com,(360) 533-4530,LabCorp@123,"1020 Anderson Dr
Aberdeen, WA 98520",46.981026,-123.84617,diagnostic-center,LabCorp,wa,aberdeen
Pathology Associates Medical Lab,PathologyAssociates@gmail.com,(360) 934-5595,Pathology@123,"300 Ocean Ave
Raymond, WA 98577",46.680347,-123.736824,diagnostic-center,Pathology Associates Medical Lab,wa,aberdeen
Medical Caregivers,MedicalCaregivers@gmail.com,(360) 858-7309,Medical@123,"304 State St
Oakville, WA 98568",46.83922,-123.23309,diagnostic-center,Medical Caregivers,wa,aberdeen
Cedar Grove Inc.,CedarGrove@gmail.com,(360) 533-3161,Cedar@123,"614 W Market St
Aberdeen, WA 98520",46.971878,-123.825386,diagnostic-center,Cedar Grove Inc.,wa,aberdeen
Quest Diagnostics,QuestDiagnostics@gmail.com,(360) 612-3069,Quest@123,"954 Anderson Dr Ste 108
Aberdeen, WA 98520",46.980206,-123.84616,diagnostic-center,Quest Diagnostics,wa,aberdeen
Paclab/Aberdeen West Patient,Paclab/AberdeenWest@gmail.com,(360) 533-4530,Paclab/Aberdeen@123,"1020 Anderson Dr
Aberdeen, WA 98520",46.981026,-123.84617,diagnostic-center,Paclab/Aberdeen West Patient,wa,aberdeen
