Username,Email,Phone Number,Password,Address,Latitude,Longitude,Provider Type,Provider Name,State,City
"Janelisa Williams, PA-C","JanelisaWilliams,@gmail.com",(360) 413-8250,Janelisa@123,"209 Lilly Rd NE
Olympia, WA 98506",47.049015,-122.84463,vision-care,"Janelisa Williams, PA-C",wa,aberdeen
Providence Centralia Physical Medicine,ProvidenceCentralia@gmail.com,(360) 330-8626,Providence@123,"1800 Cooks Hill Rd Ste K
Centralia, WA 98531",46.713604,-122.983925,vision-care,Providence Centralia Physical Medicine,wa,aberdeen
"Kuwada, Gerald, DPM","Kuwada,Gerald,@gmail.com",(360) 754-3338,"Kuwada,@123","1610 Bishop Rd SW
Tumwater, WA 98512",46.990726,-122.92251,vision-care,"Kuwada, Gerald, DPM",wa,aberdeen
Mary Pohs,MaryPohs@gmail.com,(360) 790-1066,Mary@123,"3435 Ashley Dr NE
Olympia, WA 98506",47.064945,-122.84734,vision-care,Mary Pohs,wa,aberdeen
The Beach Clinic PS,TheBeach@gmail.com,(360) 268-0195,The@123,"801 N Montesano St
Westport, WA 98595",46.893555,-124.10451,vision-care,The Beach Clinic PS,wa,aberdeen
"Thomas T Prieskorn, Other",ThomasT@gmail.com,(230) 426-1611,Thomas@123,"237 Professional Way
Shelton, WA 98584",47.224842,-123.11149,vision-care,"Thomas T Prieskorn, Other",wa,aberdeen
Mason General Hospital & Family of Clinics,MasonGeneral@gmail.com,(360) 426-1611,Mason@123,"PO Box 1668
Shelton, WA 98584",47.2134,-123.1018,vision-care,Mason General Hospital & Family of Clinics,wa,aberdeen
Olympia Vision Clinic,OlympiaVision@gmail.com,(360) 357-6683,Olympia@123,"1625 Cooper Point Rd SW
Olympia, WA 98502",47.033142,-122.93608,vision-care,Olympia Vision Clinic,wa,aberdeen
"Genuine Healthcare, P","GenuineHealthcare,@gmail.com",(564) 999-4544,Genuine@123,"1800 Cooper Point Rd SW
Olympia, WA 98502",47.03208,-122.934875,vision-care,"Genuine Healthcare, P",wa,aberdeen
"Rosemary Spyhalsky, ARNP","RosemarySpyhalsky,@gmail.com",(360) 426-2500,Rosemary@123,"237 Professional Way
Shelton, WA 98584",47.224842,-123.11149,vision-care,"Rosemary Spyhalsky, ARNP",wa,aberdeen
Bigrock Specialty Center,BigrockSpecialty@gmail.com,(360) 709-9220,Bigrock@123,"6334 Littlerock Rd SW
Tumwater, WA 98512",46.991524,-122.92376,vision-care,Bigrock Specialty Center,wa,aberdeen
OLYMPIA ORTHOPAEDIC ASSOCIATES PLLC-Westside Clinic,OLYMPIAORTHOPAEDIC@gmail.com,(360) 786-8990,OLYMPIA@123,"3901 Capital Mall Dr SW
Olympia, WA 98502",47.041454,-122.95081,vision-care,OLYMPIA ORTHOPAEDIC ASSOCIATES PLLC-Westside Clinic,wa,aberdeen
Pacific Cataract & Laser Institute,PacificCataract@gmail.com,(360) 330-6400,Pacific@123,"1408 S Gold St
Centralia, WA 98531",46.70084,-122.95733,vision-care,Pacific Cataract & Laser Institute,wa,aberdeen
The Chehalis Tribal Health Center,TheChehalis@gmail.com,(360) 273-5504,The@123,"21 Niederman Rd
Oakville, WA 98568",46.81168,-123.17094,vision-care,The Chehalis Tribal Health Center,wa,aberdeen
Kaiser Permanente West Olympia Medical Center,KaiserPermanente@gmail.com,(360) 596-4800,Kaiser@123,"1200 Cooper Point Rd SW
Olympia, WA 98502",47.03702,-122.93897,vision-care,Kaiser Permanente West Olympia Medical Center,wa,aberdeen
Providence Health & Services,ProvidenceHealth@gmail.com,(360) 330-8627,Providence@123,"1900 Cooks Hill Rd
Centralia, WA 98531",46.713608,-122.985344,vision-care,Providence Health & Services,wa,aberdeen
Mary Bridge Pediatric Urgent Care - Olympia,MaryBridge@gmail.com,(360) 252-3801,Mary@123,"3504 12th Ave NE
Olympia, WA 98506",47.05615,-122.84578,vision-care,Mary Bridge Pediatric Urgent Care - Olympia,wa,aberdeen
William J Mitchell MD,WilliamJ@gmail.com,(360) 413-8250,William@123,"500 Lilly Rd NE Ste 204
Olympia, WA 98506",47.053417,-122.84421,vision-care,William J Mitchell MD,wa,aberdeen
"Kerry Peterson, ARNP, FNP-C","KerryPeterson,@gmail.com",(360) 249-1980,Kerry@123,"319 E Pioneer Ave
Montesano, WA 98563",46.979416,-123.597984,vision-care,"Kerry Peterson, ARNP, FNP-C",wa,aberdeen
Mark Reed Clinic,MarkReed@gmail.com,(360) 495-3500,Mark@123,"600 E Main St
Elma, WA 98541",47.006886,-123.39092,vision-care,Mark Reed Clinic,wa,aberdeen
Nicole S Carney Dpm,NicoleS@gmail.com,(360) 438-9092,Nicole@123,"165 Lilly Rd NE
Olympia, WA 98506",47.048443,-122.84466,vision-care,Nicole S Carney Dpm,wa,aberdeen
Sea Mar CHC Tumwater Behavioral Health,SeaMar@gmail.com,(360) 489-1553,Sea@123,"6334 Littlerock Rd SW
Tumwater, WA 98512",46.991524,-122.92376,vision-care,Sea Mar CHC Tumwater Behavioral Health,wa,aberdeen
Valley View Health Center,ValleyView@gmail.com,(360) 330-9595,Valley@123,"2690 NE Kresky Ave
Chehalis, WA 98532",46.694115,-122.95549,vision-care,Valley View Health Center,wa,aberdeen
Vision Uniquely Experienced,VisionUniquely@gmail.com,(360) 489-0626,Vision@123,"116 5th Ave SE Ste J
Olympia, WA 98501",47.044216,-122.90127,vision-care,Vision Uniquely Experienced,wa,aberdeen
"Benjamin F Merrifield, MD",BenjaminF@gmail.com,(360) 413-8250,Benjamin@123,"500 Lilly Rd NE Ste 150
Olympia, WA 98506",47.05272,-122.844215,vision-care,"Benjamin F Merrifield, MD",wa,aberdeen
Pacific Cataract and Laser Institute,PacificCataract@gmail.com,(360) 748-8632,Pacific@123,"2517 NE Kresky Ave
Chehalis, WA 98532",46.6887,-122.95525,vision-care,Pacific Cataract and Laser Institute,wa,aberdeen
Providence Health & Services,ProvidenceHealth@gmail.com,(360) 827-7966,Providence@123,"1010 S Scheuber Rd Ste 3
Centralia, WA 98531",46.712063,-122.986786,vision-care,Providence Health & Services,wa,aberdeen
Pope's Kids Place,Pope'sKids@gmail.com,(360) 736-1036,Pope's@123,"904 W Main St
Centralia, WA 98531",46.718246,-122.96491,vision-care,Pope's Kids Place,wa,aberdeen
"Rainier Eye & Vision, P",RainierEye@gmail.com,(360) 506-5544,Rainier@123,"145 S Market Blvd
Chehalis, WA 98532",46.6605,-122.96273,vision-care,"Rainier Eye & Vision, P",wa,aberdeen
Mason General Family Health,MasonGeneral@gmail.com,(360) 426-1611,Mason@123,"1812 N 13th Loop Rd
Shelton, WA 98584",47.226154,-123.11208,vision-care,Mason General Family Health,wa,aberdeen
Natural Health Clinic of Olympia,NaturalHealth@gmail.com,(360) 491-4131,Natural@123,"208 11th Ave SE Ste 3
Olympia, WA 98501",47.038216,-122.898834,vision-care,Natural Health Clinic of Olympia,wa,aberdeen
Cannabis Northwest,CannabisNorthwest@gmail.com,(360) 915-8530,Cannabis@123,"5403 Capitol Blvd SW
Tumwater, WA 98501",46.998863,-122.90847,vision-care,Cannabis Northwest,wa,aberdeen
Providence Centralia Cardiology Associates,ProvidenceCentralia@gmail.com,(866) 805-5755,Providence@123,"1800 Cooks Hill Rd Ste E
Centralia, WA 98531",46.713604,-122.983925,vision-care,Providence Centralia Cardiology Associates,wa,aberdeen
Providence Sexual Assault,ProvidenceSexual@gmail.com,(360) 493-7469,Providence@123,"420 Golf Club Rd SE
Lacey, WA 98503",47.044518,-122.82828,vision-care,Providence Sexual Assault,wa,aberdeen
College Street Physical Therapy Lacey,CollegeStreet@gmail.com,(360) 455-8155,College@123,"5210 Corporate Center Ct SE Ste D
Lacey, WA 98503",47.000874,-122.82453,vision-care,College Street Physical Therapy Lacey,wa,aberdeen
Gyro Psychology Svc Inc,GyroPsychology@gmail.com,(360) 236-0206,Gyro@123,"2101 4th Ave E Ste 202
Olympia, WA 98506",47.045883,-122.87124,vision-care,Gyro Psychology Svc Inc,wa,aberdeen
Physical Therapy,PhysicalTherapy@gmail.com,(360) 709-6221,Physical@123,"3901 Capital Mall Dr SW
Olympia, WA 98502",47.041454,-122.95081,vision-care,Physical Therapy,wa,aberdeen
American Family Vision,AmericanFamily@gmail.com,(360) 491-2121,American@123,"406 Lilly Rd NE Ste A
Olympia, WA 98506",47.051258,-122.84418,vision-care,American Family Vision,wa,aberdeen
Summit Pacific Medical Center,SummitPacific@gmail.com,(360) 495-5151,Summit@123,"600 E Main St
Elma, WA 98541",47.006886,-123.39092,vision-care,Summit Pacific Medical Center,wa,aberdeen
Foot & Ankle Surgical Associates,Foot&@gmail.com,(360) 764-8293,Foot@123,"5210 Corporate Center Ct SE Ste A
Lacey, WA 98503",47.000874,-122.82453,vision-care,Foot & Ankle Surgical Associates,wa,aberdeen
MGH Hoodsport Family Clinic,MGHHoodsport@gmail.com,(360) 432-7781,MGH@123,"24261 N Us Highway 101
Hoodsport, WA 98548",47.406174,-123.14097,vision-care,MGH Hoodsport Family Clinic,wa,aberdeen
The A to Z Clinic,TheA@gmail.com,(360) 280-5806,The@123,"2401 Bristol Ct SW
Olympia, WA 98502",47.027054,-122.9171,vision-care,The A to Z Clinic,wa,aberdeen
North Beach Vision Clinic,NorthBeach@gmail.com,(360) 289-0603,North@123,"848 Ocean Shores Blvd NW
Ocean Shores, WA 98569",47.014397,-124.16598,vision-care,North Beach Vision Clinic,wa,aberdeen
Visionworks Doctors of Optometry Olympia,VisionworksDoctors@gmail.com,(360) 226-1230,Visionworks@123,"2915 Harrison Ave NW Ste 215
Olympia, WA 98502",47.046246,-122.93526,vision-care,Visionworks Doctors of Optometry Olympia,wa,aberdeen
Katie P Hackney Pa-C,KatieP@gmail.com,(360) 426-2500,Katie@123,"237 Professional Way
Shelton, WA 98584",47.224842,-123.11149,vision-care,Katie P Hackney Pa-C,wa,aberdeen
Sea Mar Community Health Center,SeaMar@gmail.com,(360) 352-5169,Sea@123,"905 24th Way SW
Olympia, WA 98502",47.02772,-122.913635,vision-care,Sea Mar Community Health Center,wa,aberdeen
Valley View Health Center,ValleyView@gmail.com,(360) 388-3259,Valley@123,"230 Washington Way
Centralia, WA 98531",46.737015,-122.99573,vision-care,Valley View Health Center,wa,aberdeen
Willapa Harbor Hospital District 2,WillapaHarbor@gmail.com,(360) 875-5526,Willapa@123,"800 Alder St
South Bend, WA 98586",46.662308,-123.81214,vision-care,Willapa Harbor Hospital District 2,wa,aberdeen
Cowlitz Family Health Center,CowlitzFamily@gmail.com,(360) 665-3000,Cowlitz@123,"21610 Pacific Way
Ocean Park, WA 98640",46.45934,-124.052605,vision-care,Cowlitz Family Health Center,wa,aberdeen
"Jennifer A Nelson, ARNP",JenniferA@gmail.com,(360) 426-2500,Jennifer@123,"237 Professional Way
Shelton, WA 98584",47.224842,-123.11149,vision-care,"Jennifer A Nelson, ARNP",wa,aberdeen
Genesis Healthcare- Main Voice,GenesisHealthcare-@gmail.com,(360) 918-9747,Genesis@123,"4001 Capital Mall Dr SW
Olympia, WA 98502",47.041576,-122.95184,vision-care,Genesis Healthcare- Main Voice,wa,aberdeen
Ideal Wellness NW,IdealWellness@gmail.com,(360) 464-4434,Ideal@123,"1950 Black Lake Blvd SW Ste B
Olympia, WA 98512",47.030724,-122.94263,vision-care,Ideal Wellness NW,wa,aberdeen
Providence St Peter Hospital Orthopedic Care,ProvidenceSt@gmail.com,(360) 491-9480,Providence@123,"413 Lilly Rd NE
Olympia, WA 98506",47.05136,-122.84458,vision-care,Providence St Peter Hospital Orthopedic Care,wa,aberdeen
Bobbie J Sherry Pa-C,BobbieJ@gmail.com,(360) 413-8250,Bobbie@123,"500 Lilly Rd NE Ste 204
Olympia, WA 98506",47.05272,-122.844215,vision-care,Bobbie J Sherry Pa-C,wa,aberdeen
Providence General Surgery-Centralia,ProvidenceGeneral@gmail.com,(360) 827-8100,Providence@123,"1800 Cooks Hill Rd
Centralia, WA 98531",46.713604,-122.983925,vision-care,Providence General Surgery-Centralia,wa,aberdeen
Providence Health & Services,ProvidenceHealth@gmail.com,(360) 491-4460,Providence@123,"1450 Northwest Ln SE Ste A
Lacey, WA 98503",47.032978,-122.8345,vision-care,Providence Health & Services,wa,aberdeen
Catherine McHugh Arnp,CatherineMcHugh@gmail.com,(360) 426-2500,Catherine@123,"237 Professional Way
Shelton, WA 98584",47.224842,-123.11149,vision-care,Catherine McHugh Arnp,wa,aberdeen
Grays Harbor Community East Campus Medical Center,GraysHarbor@gmail.com,(360) 537-6132,Grays@123,"1006 N H St
Aberdeen, WA 98520",46.98054,-123.82083,vision-care,Grays Harbor Community East Campus Medical Center,wa,aberdeen
"Spargur, Coleen, PA","Spargur,Coleen,@gmail.com",(360) 537-6470,"Spargur,@123","1006 N H St
Aberdeen, WA 98520",46.98054,-123.82083,vision-care,"Spargur, Coleen, PA",wa,aberdeen
Apogee Home Care,ApogeeHome@gmail.com,(360) 943-1045,Apogee@123,"3435 Martin Way E Ste B
Olympia, WA 98506",47.046925,-122.84714,vision-care,Apogee Home Care,wa,aberdeen
Inside View 3D & 4D Ultrasound Olympia,InsideView@gmail.com,(360) 890-4737,Inside@123,"4160 6th Ave SE Ste 202
Lacey, WA 98503",47.043457,-122.83197,vision-care,Inside View 3D & 4D Ultrasound Olympia,wa,aberdeen
Providence Health & Services,ProvidenceHealth@gmail.com,(360) 493-4900,Providence@123,"3333 Ensign Rd NE
Olympia, WA 98506",47.05057,-122.850395,vision-care,Providence Health & Services,wa,aberdeen
Hometown Family Health,HometownFamily@gmail.com,(360) 249-8528,Hometown@123,"103 E Broadway Ave
Montesano, WA 98563",46.981304,-123.60058,vision-care,Hometown Family Health,wa,aberdeen
"James McKEE,","JamesMcKEE,@gmail.com",(360) 736-4151,James@123,"1220 W 1st St
Centralia, WA 98531",46.722435,-122.96806,vision-care,"James McKEE,",wa,aberdeen
Providence Centralia Women's Center,ProvidenceCentralia@gmail.com,(360) 330-8950,Providence@123,"1000 S Scheuber Rd
Centralia, WA 98531",46.71208,-122.986786,vision-care,Providence Centralia Women's Center,wa,aberdeen
Providence St. Peter Hospital Cardiac Surgery,ProvidenceSt.@gmail.com,(360) 493-4510,Providence@123,"525 Lilly Rd NE Ste 200
Olympia, WA 98506",47.053307,-122.84463,vision-care,Providence St. Peter Hospital Cardiac Surgery,wa,aberdeen
Providence Cardiology Associates - Shelton,ProvidenceCardiology@gmail.com,(866) 805-5755,Providence@123,"939 Mountain View Dr Ste 120
Shelton, WA 98584",47.226875,-123.11338,vision-care,Providence Cardiology Associates - Shelton,wa,aberdeen
Susan Ruyle MD,SusanRuyle@gmail.com,(360) 533-2020,Susan@123,"207 S Chehalis St
Aberdeen, WA 98520",46.97761,-123.806435,vision-care,Susan Ruyle MD,wa,aberdeen
Providence Travel Medicine Clinic,ProvidenceTravel@gmail.com,(360) 493-7230,Providence@123,"525 Lilly Rd NE
Olympia, WA 98506",47.053307,-122.84463,vision-care,Providence Travel Medicine Clinic,wa,aberdeen
Walmart - Vision Center,Walmart-@gmail.com,(360) 748-6112,Walmart@123,"1601 NW Louisiana Ave
Chehalis, WA 98532",46.6768,-122.978195,vision-care,Walmart - Vision Center,wa,aberdeen
Providence St. Peter Outpatient Orthopedic and Hand Therapy,ProvidenceSt.@gmail.com,(360) 493-4995,Providence@123,"410 Providence Ln NE
Olympia, WA 98506",47.051086,-122.851425,vision-care,Providence St. Peter Outpatient Orthopedic and Hand Therapy,wa,aberdeen
"Michael Dale Dujela, DPM",MichaelDale@gmail.com,(360) 736-2889,Michael@123,"1900 Cooks Hill Rd
Centralia, WA 98531",46.713608,-122.985344,vision-care,"Michael Dale Dujela, DPM",wa,aberdeen
Providence Health & Services,ProvidenceHealth@gmail.com,(360) 754-3934,Providence@123,"2026 Olympic Hwy N
Shelton, WA 98584",47.22266,-123.12066,vision-care,Providence Health & Services,wa,aberdeen
Valley View Health Center,ValleyView@gmail.com,(360) 736-3042,Valley@123,"1800 Cooks Hill Rd Ste G
Centralia, WA 98531",46.713604,-122.983925,vision-care,Valley View Health Center,wa,aberdeen
Lauren MSN Staley Cpnp,LaurenMSN@gmail.com,(360) 528-4221,Lauren@123,"3023 Pacific Ave SE
Olympia, WA 98501",47.04273,-122.85813,vision-care,Lauren MSN Staley Cpnp,wa,aberdeen
MHG Mountain View Women's Health,MHGMountain@gmail.com,(360) 426-0955,MHG@123,"2300 Kati Ct
Shelton, WA 98584",47.227615,-123.11666,vision-care,MHG Mountain View Women's Health,wa,aberdeen
Absolute Health Clinc,AbsoluteHealth@gmail.com,(360) 350-0539,Absolute@123,"2401 Bristol Ct SW
Olympia, WA 98502",47.027054,-122.9171,vision-care,Absolute Health Clinc,wa,aberdeen
Seiu,Seiu@gmail.com,(360) 515-5868,Seiu@123,"906 Columbia St SW
Olympia, WA 98501",47.040447,-122.90204,vision-care,Seiu,wa,aberdeen
Seamar Community Health Center,SeamarCommunity@gmail.com,(360) 359-4840,Seamar@123,"669 Woodland Square Loop SE
Lacey, WA 98503",47.04183,-122.824196,vision-care,Seamar Community Health Center,wa,aberdeen
Balanced Being Inc,BalancedBeing@gmail.com,(360) 705-1133,Balanced@123,"221 Kenyon St NW Ste 103
Olympia, WA 98502",47.047092,-122.933876,vision-care,Balanced Being Inc,wa,aberdeen
Aberdeen Whiplash & Spinal Inj,AberdeenWhiplash@gmail.com,(360) 533-7246,Aberdeen@123,"1906 Sumner Ave
Aberdeen, WA 98520",46.976185,-123.83921,vision-care,Aberdeen Whiplash & Spinal Inj,wa,aberdeen
The Clinic at Elma,TheClinic@gmail.com,(360) 482-5298,The@123,"515 W Main St
Elma, WA 98541",47.00378,-123.40681,vision-care,The Clinic at Elma,wa,aberdeen
Olympia Multi-Specialty Clinic,OlympiaMulti-Specialty@gmail.com,(360) 754-1727,Olympia@123,"205 Lilly Rd NE
Olympia, WA 98506",47.04895,-122.84463,vision-care,Olympia Multi-Specialty Clinic,wa,aberdeen
Quick Clinic,QuickClinic@gmail.com,(360) 736-0256,Quick@123,"208 Centralia College Blvd
Centralia, WA 98531",46.715454,-122.95627,vision-care,Quick Clinic,wa,aberdeen
Capital Medical Center,CapitalMedical@gmail.com,(360) 754-5858,Capital@123,"3900 Capital Mall Dr SW
Olympia, WA 98502",47.041824,-122.95161,vision-care,Capital Medical Center,wa,aberdeen
Olympic Health Care I & II,OlympicHealth@gmail.com,(360) 736-2046,Olympic@123,"802 Atherton St
Centralia, WA 98531",46.710506,-122.96341,vision-care,Olympic Health Care I & II,wa,aberdeen
Willapa Harbor Hospital,WillapaHarbor@gmail.com,(360) 875-5579,Willapa@123,"810 Alder St
South Bend, WA 98586",46.662308,-123.81211,vision-care,Willapa Harbor Hospital,wa,aberdeen
Sea Mar Community Health Center,SeaMar@gmail.com,(360) 861-8087,Sea@123,"515 W Main St
Elma, WA 98541",47.00378,-123.40681,vision-care,Sea Mar Community Health Center,wa,aberdeen
DR White Pediatrics,DRWhite@gmail.com,(360) 637-8102,DR@123,"1812 Sumner Ave
Aberdeen, WA 98520",46.976177,-123.83794,vision-care,DR White Pediatrics,wa,aberdeen
Naselle Clinic,NaselleClinic@gmail.com,(360) 484-7161,Naselle@123,"21 N Valley Rd
Naselle, WA 98638",46.371933,-123.78298,vision-care,Naselle Clinic,wa,aberdeen
Providence Health & Services,ProvidenceHealth@gmail.com,(360) 413-8525,Providence@123,"500 Lilly Rd NE Ste 100
Olympia, WA 98506",47.05272,-122.844215,vision-care,Providence Health & Services,wa,aberdeen
"Kc Graham, PA-C","KcGraham,@gmail.com",(360) 426-2500,Kc@123,"237 Professional Way
Shelton, WA 98584",47.224842,-123.11149,vision-care,"Kc Graham, PA-C",wa,aberdeen
Providence Everett Medical Center,ProvidenceEverett@gmail.com,(360) 413-1471,Providence@123,"200 Lilly Rd NE
Olympia, WA 98506",47.048912,-122.84423,vision-care,Providence Everett Medical Center,wa,aberdeen
Thomas N Wilkins MSN Fnp,ThomasN@gmail.com,(360) 528-4221,Thomas@123,"3023 Pacific Ave SE
Olympia, WA 98501",47.04273,-122.85813,vision-care,Thomas N Wilkins MSN Fnp,wa,aberdeen
Montesano Clinic,MontesanoClinic@gmail.com,(360) 249-1980,Montesano@123,"319 E Pioneer Ave
Montesano, WA 98563",46.979416,-123.597984,vision-care,Montesano Clinic,wa,aberdeen
MultiCare Indigo Urgent Care,MultiCareIndigo@gmail.com,(800) 562-6900,MultiCare@123,"704 Trosper Rd SW
Tumwater, WA 98512",47.0001,-122.91767,vision-care,MultiCare Indigo Urgent Care,wa,aberdeen
Community Chiropractic PS,CommunityChiropractic@gmail.com,(360) 705-1116,Community@123,"3525 Ensign Rd NE
Olympia, WA 98506",47.050907,-122.8462,vision-care,Community Chiropractic PS,wa,aberdeen
Abigail Schwepker Pa-C,AbigailSchwepker@gmail.com,(360) 249-3300,Abigail@123,"319 E Pioneer Ave
Montesano, WA 98563",46.979416,-123.597984,vision-care,Abigail Schwepker Pa-C,wa,aberdeen
Jackson M D,JacksonM@gmail.com,(360) 754-9369,Jackson@123,"408 B St SW
Tumwater, WA 98512",47.014446,-122.90922,vision-care,Jackson M D,wa,aberdeen
Tra Medical Imaging on Lilly,TraMedical@gmail.com,(360) 413-8383,Tra@123,"150 Dennis St SW
Tumwater, WA 98501",46.989162,-122.90911,vision-care,Tra Medical Imaging on Lilly,wa,aberdeen
Kaiser Permanente,KaiserPermanente@gmail.com,(360) 923-7600,Kaiser@123,"801 Lilly Rd NE
Olympia, WA 98506",47.057545,-122.84459,vision-care,Kaiser Permanente,wa,aberdeen
Allen Paul J,AllenPaul@gmail.com,(360) 352-8800,Allen@123,"2938 Limited Ln NW Ste B
Olympia, WA 98502",47.04787,-122.93764,vision-care,Allen Paul J,wa,aberdeen
"Meimin Xie, MD","MeiminXie,@gmail.com",(360) 413-8250,Meimin@123,"500 Lilly Rd NE Ste 150
Olympia, WA 98506",47.05272,-122.844215,vision-care,"Meimin Xie, MD",wa,aberdeen
Twin Harbors Eye Center,TwinHarbors@gmail.com,(360) 533-2020,Twin@123,"207 S Chehalis
Aberdeen, WA 98520",46.97761,-123.806435,vision-care,Twin Harbors Eye Center,wa,aberdeen
Community Allied Behavioral Health,CommunityAllied@gmail.com,(360) 748-4339,Community@123,"1787 NE Kresky Ave
Chehalis, WA 98532",46.67747,-122.96281,vision-care,Community Allied Behavioral Health,wa,aberdeen
Seamar Community Health Center,SeamarCommunity@gmail.com,(360) 289-2427,Seamar@123,"597 Point Brown Ave NW
Ocean Shores, WA 98569",47.002197,-124.160995,vision-care,Seamar Community Health Center,wa,aberdeen
Providence Lacey Family Medicine,ProvidenceLacey@gmail.com,(360) 486-2900,Providence@123,"4800 College St SE
Lacey, WA 98503",47.004055,-122.82298,vision-care,Providence Lacey Family Medicine,wa,aberdeen
United Healthcare,UnitedHealthcare@gmail.com,(360) 295-7842,United@123,"665 Sleater Kinney Rd SE
Lacey, WA 98503",47.04227,-122.83404,vision-care,United Healthcare,wa,aberdeen
"Quadeer, Erum, DPM","Quadeer,Erum,@gmail.com",(360) 736-4151,"Quadeer,@123","1220 W 1st St
Centralia, WA 98531",46.722435,-122.96806,vision-care,"Quadeer, Erum, DPM",wa,aberdeen
Oakland Bay Pediatrics,OaklandBay@gmail.com,(360) 426-3102,Oakland@123,"247 Professional Way
Shelton, WA 98584",47.22484,-123.1114,vision-care,Oakland Bay Pediatrics,wa,aberdeen
Taylor Dick and Marlene,TaylorDick@gmail.com,(360) 426-5214,Taylor@123,"308 Seattle Ave
Shelton, WA 98584",47.20251,-123.10386,vision-care,Taylor Dick and Marlene,wa,aberdeen
"Aaron J Fitzpatrick, DC, LMP",AaronJ@gmail.com,(360) 754-2915,Aaron@123,"1700 Cooper Point Rd SW Ste A1
Olympia, WA 98502",47.033325,-122.93577,vision-care,"Aaron J Fitzpatrick, DC, LMP",wa,aberdeen
"VanVision Eyecare Center - Van B. Ly, OD",VanVisionEyecare@gmail.com,(360) 357-2544,VanVision@123,"319 7th Ave SE Ste 101
Olympia, WA 98501",47.042496,-122.89774,vision-care,"VanVision Eyecare Center - Van B. Ly, OD",wa,aberdeen
Olympia Outpatient Surgery Center,OlympiaOutpatient@gmail.com,(360) 412-5007,Olympia@123,"205 Lilly Rd NE
Olympia, WA 98506",47.04895,-122.84463,vision-care,Olympia Outpatient Surgery Center,wa,aberdeen
Shoalwater Bay Medical Clinic,ShoalwaterBay@gmail.com,(360) 267-0119,Shoalwater@123,"2373 Tokeland Rd
Tokeland, WA 98590",46.722214,-124.01743,vision-care,Shoalwater Bay Medical Clinic,wa,aberdeen
Eye MDS of Pugetsound,EyeMDS@gmail.com,(360) 753-2955,Eye@123,"2401 Bristol Ct SW
Olympia, WA 98502",47.027054,-122.9171,vision-care,Eye MDS of Pugetsound,wa,aberdeen
Acupuncture Clinic-Bing Zhou,AcupunctureClinic-Bing@gmail.com,(360) 753-7212,Acupuncture@123,"204 Pinehurst Dr SW Ste 101
Tumwater, WA 98501",46.995792,-122.907974,vision-care,Acupuncture Clinic-Bing Zhou,wa,aberdeen
Chiro Health Center,ChiroHealth@gmail.com,(360) 533-6620,Chiro@123,"320 W Market St
Aberdeen, WA 98520",46.9738,-123.82168,vision-care,Chiro Health Center,wa,aberdeen
Capital Mammography,CapitalMammography@gmail.com,(360) 570-3025,Capital@123,"3920 Capital Mall Dr SW # 401, Olympia WA, 98502
Olympia, WA 98502",47.04225,-122.95218,vision-care,Capital Mammography,wa,aberdeen
Valley View Health Center,ValleyView@gmail.com,(360) 669-0335,Valley@123,"2428 W Reynolds Ave
Centralia, WA 98531",46.735233,-122.98306,vision-care,Valley View Health Center,wa,aberdeen
Choice Regional Health Network,ChoiceRegional@gmail.com,(360) 539-7576,Choice@123,"1217 4th Ave E
Olympia, WA 98506",47.04582,-122.88643,vision-care,Choice Regional Health Network,wa,aberdeen
Providence Psychiatry-Olympia,ProvidencePsychiatry-Olympia@gmail.com,(360) 493-7060,Providence@123,"413 Lilly Rd NE
Olympia, WA 98506",47.05136,-122.84458,vision-care,Providence Psychiatry-Olympia,wa,aberdeen
"Kristine Y Zhang, MD",KristineY@gmail.com,(360) 413-8250,Kristine@123,"500 Lilly Rd NE Ste 204
Olympia, WA 98506",47.05272,-122.844215,vision-care,"Kristine Y Zhang, MD",wa,aberdeen
Mark Reed Healthcare Clinic,MarkReed@gmail.com,(360) 346-2222,Mark@123,"322 S Birch St
Mccleary, WA 98557",47.056023,-123.261024,vision-care,Mark Reed Healthcare Clinic,wa,aberdeen
Providence Multi-SVC Clinic,ProvidenceMulti-SVC@gmail.com,(360) 486-2900,Providence@123,"4800 College St SE
Lacey, WA 98503",47.004055,-122.82298,vision-care,Providence Multi-SVC Clinic,wa,aberdeen
Mary Bridge Children's Outpatient Center-Olympia,MaryBridge@gmail.com,(253) 792-6630,Mary@123,"422 Lilly Rd NE
Olympia, WA 98506",47.051506,-122.844185,vision-care,Mary Bridge Children's Outpatient Center-Olympia,wa,aberdeen
Providence Centralia Internal Medicine,ProvidenceCentralia@gmail.com,(360) 827-7966,Providence@123,"1010 S Scheuber Rd
Centralia, WA 98531",46.712063,-122.986786,vision-care,Providence Centralia Internal Medicine,wa,aberdeen
Capital Mammography at Capital,CapitalMammography@gmail.com,(360) 596-4872,Capital@123,"3920 Capital Mall Dr SW
Olympia, WA 98502",47.04183,-122.95164,vision-care,Capital Mammography at Capital,wa,aberdeen
Martin Way Vision Center,MartinWay@gmail.com,(360) 456-2020,Martin@123,"3700 Martin Way E Ste 101
Olympia, WA 98506",47.047504,-122.842354,vision-care,Martin Way Vision Center,wa,aberdeen
Centralia Medical Center,CentraliaMedical@gmail.com,(360) 330-8524,Centralia@123,"1800 Cooks Hill Rd Ste G
Centralia, WA 98531",46.713604,-122.983925,vision-care,Centralia Medical Center,wa,aberdeen
Kathy L Savatini Pa-C,KathyL@gmail.com,(360) 413-8250,Kathy@123,"500 Lilly Rd NE Ste 204
Olympia, WA 98506",47.05272,-122.844215,vision-care,Kathy L Savatini Pa-C,wa,aberdeen
"Loving Heart Clinic: Joon Germeille Jr., FNP",LovingHeart@gmail.com,(878) 228-0000,Loving@123,"400 Union Ave SE
Olympia, WA 98501",47.03938,-122.8969,vision-care,"Loving Heart Clinic: Joon Germeille Jr., FNP",wa,aberdeen
Apria Healthcare,ApriaHealthcare@gmail.com,(360) 352-1753,Apria@123,"2842 93rd Ave SW
Olympia, WA 98512",46.953007,-122.94276,vision-care,Apria Healthcare,wa,aberdeen
Alpha Medical Group,AlphaMedical@gmail.com,(360) 359-2538,Alpha@123,"606 Lilly Rd NE
Olympia, WA 98506",47.054714,-122.84422,vision-care,Alpha Medical Group,wa,aberdeen
Pacific Medical,PacificMedical@gmail.com,(360) 956-1725,Pacific@123,"405 Black Hills Ln SW Ste C
Olympia, WA 98502",47.04654,-122.95122,vision-care,Pacific Medical,wa,aberdeen
Martha Eden L.Ac.,MarthaEden@gmail.com,(360) 529-7420,Martha@123,"2120 Pacific Ave SE
Olympia, WA 98506",47.046413,-122.871574,vision-care,Martha Eden L.Ac.,wa,aberdeen
Gh Womens Clinic,GhWomens@gmail.com,(360) 637-8439,Gh@123,"1020 Anderson Dr Ste 202
Aberdeen, WA 98520",46.981026,-123.84617,vision-care,Gh Womens Clinic,wa,aberdeen
"Victoria A Moore, PA-C",VictoriaA@gmail.com,(360) 413-8250,Victoria@123,"500 Lilly Rd NE Ste 204
Olympia, WA 98506",47.05272,-122.844215,vision-care,"Victoria A Moore, PA-C",wa,aberdeen
GHCH Rehab Visions,GHCHRehab@gmail.com,(360) 268-0725,GHCH@123,"801 N Montesano St
Westport, WA 98595",46.893555,-124.10451,vision-care,GHCH Rehab Visions,wa,aberdeen
"Clara Chon Shin, MD",ClaraChon@gmail.com,(360) 249-4111,Clara@123,"112 E Broadway Ave
Montesano, WA 98563",46.98158,-123.6005,vision-care,"Clara Chon Shin, MD",wa,aberdeen
Healthcare Services Comphealth,HealthcareServices@gmail.com,(360) 940-7772,Healthcare@123,"1307 Ocean Shores Blvd SW
Ocean Shores, WA 98569",46.935978,-124.172615,vision-care,Healthcare Services Comphealth,wa,aberdeen
Sea Mar Community Health Centers,SeaMar@gmail.com,(360) 704-7590,Sea@123,"6334 Littlerock Rd SW
Tumwater, WA 98512",46.991524,-122.92376,vision-care,Sea Mar Community Health Centers,wa,aberdeen
"Douglas D Stamp, Other",DouglasD@gmail.com,(360) 754-6367,Douglas@123,"150 Dennis St SW
Tumwater, WA 98501",46.989143,-122.90913,vision-care,"Douglas D Stamp, Other",wa,aberdeen
Olympia Hospital Corp,OlympiaHospital@gmail.com,(360) 956-0323,Olympia@123,"520 McPhee Rd SW
Olympia, WA 98502",47.043858,-122.953026,vision-care,Olympia Hospital Corp,wa,aberdeen
Providence Health & Services,ProvidenceHealth@gmail.com,(360) 533-6447,Providence@123,"1921 Sumner Ave
Aberdeen, WA 98520",46.97591,-123.83935,vision-care,Providence Health & Services,wa,aberdeen
Midge M Price Pa-C,MidgeM@gmail.com,(360) 357-6314,Midge@123,"128 Lilly Rd NE Ste 202
Olympia, WA 98506",47.048054,-122.844284,vision-care,Midge M Price Pa-C,wa,aberdeen
Chs Medical Services,ChsMedical@gmail.com,(360) 456-5475,Chs@123,"6906 Martin Way E
Olympia, WA 98516",47.052208,-122.78794,vision-care,Chs Medical Services,wa,aberdeen
"Dr. Clyde T. Carpenter, MD",Dr.Clyde@gmail.com,(360) 786-8990,Dr.@123,"3901 Capital Mall Dr SW
Olympia, WA 98502",47.041454,-122.95081,vision-care,"Dr. Clyde T. Carpenter, MD",wa,aberdeen
"David B Huebner, DPM",DavidB@gmail.com,(360) 745-3338,David@123,"1610 Bishop Rd SW Ste 101
Tumwater, WA 98512",46.990726,-122.92251,vision-care,"David B Huebner, DPM",wa,aberdeen
South Beach Vision Clinic,SouthBeach@gmail.com,(360) 268-1114,South@123,"723 N Montesano St
Westport, WA 98595",46.892616,-124.10449,vision-care,South Beach Vision Clinic,wa,aberdeen
Providence Cardiology Associates - Olympia,ProvidenceCardiology@gmail.com,(360) 413-8525,Providence@123,"500 Lilly Rd NE
Olympia, WA 98506",47.05272,-122.844215,vision-care,Providence Cardiology Associates - Olympia,wa,aberdeen
Halls Mobility & Repair Center,HallsMobility@gmail.com,(360) 736-7344,Halls@123,"1200 Kresky Ave
Centralia, WA 98531",46.703472,-122.95384,vision-care,Halls Mobility & Repair Center,wa,aberdeen
Bonnie Jean Anderson PA,BonnieJean@gmail.com,(360) 482-3711,Bonnie@123,"575 E Main St
Elma, WA 98541",47.005596,-123.39229,vision-care,Bonnie Jean Anderson PA,wa,aberdeen
Providence Physical Medicine,ProvidencePhysical@gmail.com,(360) 493-4500,Providence@123,"410 Providence Ln NE
Olympia, WA 98506",47.051086,-122.851425,vision-care,Providence Physical Medicine,wa,aberdeen
Heart of Wellness,Heartof@gmail.com,(360) 570-0401,Heart@123,"205 Clark Pl SE
Tumwater, WA 98501",47.016075,-122.90105,vision-care,Heart of Wellness,wa,aberdeen
"Theresa Nguyen, DPM","TheresaNguyen,@gmail.com",(360) 754-3338,Theresa@123,"1610 Bishop Rd SW Ste 101
Tumwater, WA 98512",46.990726,-122.92251,vision-care,"Theresa Nguyen, DPM",wa,aberdeen
Associates Northwest Neuro,AssociatesNorthwest@gmail.com,(360) 438-2729,Associates@123,"520 Lilly Rd NE Ste A
Olympia, WA 98506",47.053246,-122.84422,vision-care,Associates Northwest Neuro,wa,aberdeen
Multicare Health System,MulticareHealth@gmail.com,(800) 552-1419,Multicare@123,"3504 12th Ave NE
Olympia, WA 98506",47.05615,-122.84578,vision-care,Multicare Health System,wa,aberdeen
"Hovancsek, Robert L","Hovancsek,Robert@gmail.com",(360) 533-4344,"Hovancsek,@123","2218 Simpson Ave
Aberdeen, WA 98520",46.975266,-123.84344,vision-care,"Hovancsek, Robert L",wa,aberdeen
Pinel Clinic,PinelClinic@gmail.com,(360) 357-4313,Pinel@123,"1800 Cooper Point Rd SW Ste 14
Olympia, WA 98502",47.03208,-122.934875,vision-care,Pinel Clinic,wa,aberdeen
AAA Acupuncture,AAAAcupuncture@gmail.com,(360) 742-3974,AAA@123,"3525 Ensign Rd NE
Olympia, WA 98506",47.050907,-122.8462,vision-care,AAA Acupuncture,wa,aberdeen
"McKee, James, DPM","McKee,James,@gmail.com",(360) 754-3338,"McKee,@123","1610 Bishop Rd SW
Tumwater, WA 98512",46.990726,-122.92251,vision-care,"McKee, James, DPM",wa,aberdeen
Cascade Mental Health Care,CascadeMental@gmail.com,(360) 748-3565,Cascade@123,"187 W Main St
Chehalis, WA 98532",46.661522,-122.966644,vision-care,Cascade Mental Health Care,wa,aberdeen
Capital McCleary Family Practice,CapitalMcCleary@gmail.com,(360) 495-3475,Capital@123,"332 S Birch St
Mccleary, WA 98557",47.055454,-123.260544,vision-care,Capital McCleary Family Practice,wa,aberdeen
Bryan Chiropractic Center,BryanChiropractic@gmail.com,(360) 456-8605,Bryan@123,"2815 Yelm Hwy SE
Olympia, WA 98501",47.00141,-122.86095,vision-care,Bryan Chiropractic Center,wa,aberdeen
Providence Medical Group,ProvidenceMedical@gmail.com,(360) 493-7230,Providence@123,"525 Lilly Rd NE
Olympia, WA 98506",47.053307,-122.84463,vision-care,Providence Medical Group,wa,aberdeen
Valley View Health Center,ValleyView@gmail.com,(360) 236-7166,Valley@123,"3775 Martin Way E Ste A
Olympia, WA 98506",47.04732,-122.840935,vision-care,Valley View Health Center,wa,aberdeen
"Alford Nathaniel Vassall JR., MD",AlfordNathaniel@gmail.com,(360) 426-0955,Alford@123,"2300 Kati Ct Ste A
Shelton, WA 98584",47.227615,-123.11666,vision-care,"Alford Nathaniel Vassall JR., MD",wa,aberdeen
Providence Olympia Infectious Disease Clinic,ProvidenceOlympia@gmail.com,(360) 493-4001,Providence@123,"3525 Ensign Rd NE
Olympia, WA 98506",47.050907,-122.8462,vision-care,Providence Olympia Infectious Disease Clinic,wa,aberdeen
"Dr. Sasha C Kramer, MD",Dr.Sasha@gmail.com,(360) 455-5091,Dr.@123,"3703 Ensign Rd NE # 10-B
Olympia, WA 98506",47.05069,-122.84222,vision-care,"Dr. Sasha C Kramer, MD",wa,aberdeen
"Barbara B Sherry, Other",BarbaraB@gmail.com,(360) 754-6367,Barbara@123,"150 Dennis St SW
Tumwater, WA 98501",46.989143,-122.90913,vision-care,"Barbara B Sherry, Other",wa,aberdeen
Providence Regional Cancer System - Aberdeen,ProvidenceRegional@gmail.com,(360) 533-6906,Providence@123,"954 Anderson Dr
Aberdeen, WA 98520",46.980206,-123.84616,vision-care,Providence Regional Cancer System - Aberdeen,wa,aberdeen
Rp Benitz Company,RpBenitz@gmail.com,(360) 459-0344,Rp@123,"1102 College St SE
Lacey, WA 98503",47.038094,-122.82299,vision-care,Rp Benitz Company,wa,aberdeen
Providence Lacey Sports Medicine,ProvidenceLacey@gmail.com,(360) 493-4500,Providence@123,"4800 College St SE
Lacey, WA 98503",47.004055,-122.82298,vision-care,Providence Lacey Sports Medicine,wa,aberdeen
Lighthouse Family Clinic,LighthouseFamily@gmail.com,(360) 940-7465,Lighthouse@123,"897 Minard Ave NW
Ocean Shores, WA 98569",47.0154,-124.16375,vision-care,Lighthouse Family Clinic,wa,aberdeen
Pamela J Leno Hypnotherapy,PamelaJ@gmail.com,(360) 764-7239,Pamela@123,"404 Yauger Way SW
Olympia, WA 98502",47.046627,-122.949554,vision-care,Pamela J Leno Hypnotherapy,wa,aberdeen
Providence Centralia General Surgery,ProvidenceCentralia@gmail.com,(360) 827-8100,Providence@123,"1720 Cooks Hill Rd
Centralia, WA 98531",46.71359,-122.98278,vision-care,Providence Centralia General Surgery,wa,aberdeen
Providence Health,ProvidenceHealth@gmail.com,(360) 956-9202,Providence@123,"406 Legion Way SE
Olympia, WA 98501",47.04362,-122.89738,vision-care,Providence Health,wa,aberdeen
"Dr. Ronald P Smith, MD",Dr.Ronald@gmail.com,(360) 754-3934,Dr.@123,"4525 3rd Ave SE
Lacey, WA 98503",47.04543,-122.82562,vision-care,"Dr. Ronald P Smith, MD",wa,aberdeen
"Karen Lisa Arndt, ARNP",KarenLisa@gmail.com,(360) 249-4111,Karen@123,"112 E Broadway Ave
Montesano, WA 98563",46.98158,-123.6005,vision-care,"Karen Lisa Arndt, ARNP",wa,aberdeen
Olympia Multi Specialty Clinic,OlympiaMulti@gmail.com,(360) 330-0998,Olympia@123,"1800 Cooks Hill Rd Ste I
Centralia, WA 98531",46.713604,-122.983925,vision-care,Olympia Multi Specialty Clinic,wa,aberdeen
Summit Pacific Medical Center,SummitPacific@gmail.com,(360) 861-8048,Summit@123,"610 E Main St
Elma, WA 98541",47.007103,-123.39042,vision-care,Summit Pacific Medical Center,wa,aberdeen
Hearing Healthcare Center Inc,HearingHealthcare@gmail.com,(360) 754-0305,Hearing@123,"2401 Bristol Ct SW
Olympia, WA 98502",47.027054,-122.9171,vision-care,Hearing Healthcare Center Inc,wa,aberdeen
"Dr. Leonard H. Albert, MDPHD",Dr.Leonard@gmail.com,(360) 432-1234,Dr.@123,"2026 Olympic Hwy N Ste 202
Shelton, WA 98584",47.22266,-123.12066,vision-care,"Dr. Leonard H. Albert, MDPHD",wa,aberdeen
Empres Healthcare Management,EmpresHealthcare@gmail.com,(360) 427-2575,Empres@123,"153 Johns Ct
Shelton, WA 98584",47.23335,-123.10952,vision-care,Empres Healthcare Management,wa,aberdeen
Harbor Foot & Ankle Clinic,HarborFoot@gmail.com,(360) 533-7388,Harbor@123,"1220 Basich Blvd
Aberdeen, WA 98520",46.983555,-123.84428,vision-care,Harbor Foot & Ankle Clinic,wa,aberdeen
Concentra Urgent Care,ConcentraUrgent@gmail.com,(360) 455-1350,Concentra@123,"3928 Pacific Ave SE
Lacey, WA 98503",47.039787,-122.83576,vision-care,Concentra Urgent Care,wa,aberdeen
Sea Mar Community Health Centers,SeaMar@gmail.com,(360) 570-8016,Sea@123,"3622 Ensign Rd NE Ste A
Olympia, WA 98506",47.051147,-122.843796,vision-care,Sea Mar Community Health Centers,wa,aberdeen
Kathy L Savatini Pa-C,KathyL@gmail.com,(360) 754-6367,Kathy@123,"150 Dennis St SW
Tumwater, WA 98501",46.989162,-122.90911,vision-care,Kathy L Savatini Pa-C,wa,aberdeen
"Dr. Frances C Andriacchi, MD",Dr.Frances@gmail.com,(360) 459-7713,Dr.@123,"3624 Ensign Rd NE Ste D
Olympia, WA 98506",47.051147,-122.843765,vision-care,"Dr. Frances C Andriacchi, MD",wa,aberdeen
"Elinor Alice Laforge, PA-C",ElinorAlice@gmail.com,(360) 754-6367,Elinor@123,"150 Dennis St SW
Tumwater, WA 98501",46.989143,-122.90913,vision-care,"Elinor Alice Laforge, PA-C",wa,aberdeen
"Fehsenfeld, Kate Eamp, PA","Fehsenfeld,Kate@gmail.com",(360) 584-0400,"Fehsenfeld,@123","222 Kenyon St NW
Olympia, WA 98502",47.046917,-122.93356,vision-care,"Fehsenfeld, Kate Eamp, PA",wa,aberdeen
Avalon Healthcare,AvalonHealthcare@gmail.com,(360) 532-5122,Avalon@123,"920 Anderson Dr
Aberdeen, WA 98520",46.979782,-123.846176,vision-care,Avalon Healthcare,wa,aberdeen
"Stephen R Fischer, PA-C",StephenR@gmail.com,(360) 491-4211,Stephen@123,"615 Lilly Rd NE Ste 100
Olympia, WA 98506",47.05496,-122.84462,vision-care,"Stephen R Fischer, PA-C",wa,aberdeen
Westcare Clinic,WestcareClinic@gmail.com,(360) 357-9392,Westcare@123,"3000 Limited Ln NW
Olympia, WA 98502",47.04796,-122.939514,vision-care,Westcare Clinic,wa,aberdeen
NW Children's Heart Care,NWChildren's@gmail.com,(253) 396-4868,NW@123,"1907 Cooks Hill Rd
Centralia, WA 98531",46.713882,-122.98542,vision-care,NW Children's Heart Care,wa,aberdeen
Mary Bridge Children's Health Center,MaryBridge@gmail.com,(360) 923-0358,Mary@123,"200 Lilly Rd NE Ste C1
Olympia, WA 98506",47.048912,-122.84423,vision-care,Mary Bridge Children's Health Center,wa,aberdeen
Pamela J Leno Hypnotherapy,PamelaJ@gmail.com,(360) 764-7239,Pamela@123,"1950 Black Lake Blvd SW Ste B1
Olympia, WA 98512",47.030724,-122.94263,vision-care,Pamela J Leno Hypnotherapy,wa,aberdeen
Sara Pratt Pa-C,SaraPratt@gmail.com,(360) 249-4111,Sara@123,"112 E Broadway Ave
Montesano, WA 98563",46.98158,-123.6005,vision-care,Sara Pratt Pa-C,wa,aberdeen
Maggie M. Hennessey Arnp,MaggieM.@gmail.com,(360) 736-7623,Maggie@123,"1740 Cooks Hill Rd
Centralia, WA 98531",46.71359,-122.98295,vision-care,Maggie M. Hennessey Arnp,wa,aberdeen
Integrative Health Clinic,IntegrativeHealth@gmail.com,(360) 628-8600,Integrative@123,"2330 Mottman Rd SW
Tumwater, WA 98512",47.025536,-122.9316,vision-care,Integrative Health Clinic,wa,aberdeen
Borders Alternative Medicine,BordersAlternative@gmail.com,(360) 669-0341,Borders@123,"21837 Old Highway 99 SW
Centralia, WA 98531",46.770695,-123.006744,vision-care,Borders Alternative Medicine,wa,aberdeen
Memorial Clinic,MemorialClinic@gmail.com,(360) 413-8110,Memorial@123,"500 Lilly Rd NE
Olympia, WA 98506",47.05272,-122.844215,vision-care,Memorial Clinic,wa,aberdeen
Providence Olympia Endocrinology,ProvidenceOlympia@gmail.com,(360) 413-4250,Providence@123,"4800 College St SE
Lacey, WA 98503",47.004055,-122.82298,vision-care,Providence Olympia Endocrinology,wa,aberdeen
Vital Healthcare,VitalHealthcare@gmail.com,(360) 455-8281,Vital@123,"3525 Ensign Rd NE Ste N
Olympia, WA 98506",47.050907,-122.8462,vision-care,Vital Healthcare,wa,aberdeen
Olympia Vision Clinic,OlympiaVision@gmail.com,(360) 357-6683,Olympia@123,"1625 Cooper Point Rd SW
Olympia, WA 98502",47.03311,-122.93606,vision-care,Olympia Vision Clinic,wa,aberdeen
Medical Caregivers,MedicalCaregivers@gmail.com,(360) 858-7309,Medical@123,"304 State St
Oakville, WA 98568",46.83922,-123.23309,vision-care,Medical Caregivers,wa,aberdeen
Providence Physical and Aquatic Therapy Center,ProvidencePhysical@gmail.com,(360) 330-8626,Providence@123,"1809 Cooks Hill Rd
Centralia, WA 98531",46.71388,-122.98401,vision-care,Providence Physical and Aquatic Therapy Center,wa,aberdeen
Pacific Natural Healthcare,PacificNatural@gmail.com,(360) 943-0603,Pacific@123,"222 Kenyon St NW
Olympia, WA 98502",47.046917,-122.93356,vision-care,Pacific Natural Healthcare,wa,aberdeen
Providence Physical Therapy,ProvidencePhysical@gmail.com,(360) 486-6226,Providence@123,"615 Lilly Rd NE
Olympia, WA 98506",47.05496,-122.84462,vision-care,Providence Physical Therapy,wa,aberdeen
Health Care Center,HealthCare@gmail.com,(360) 426-9717,Health@123,"107 N 8th St
Shelton, WA 98584",47.214108,-123.108604,vision-care,Health Care Center,wa,aberdeen
Quick Clinic,QuickClinic@gmail.com,(360) 736-0256,Quick@123,"2526 Colonial Dr
Centralia, WA 98531",46.711143,-122.99546,vision-care,Quick Clinic,wa,aberdeen
Providence Urology-Centralia,ProvidenceUrology-Centralia@gmail.com,(360) 827-6700,Providence@123,"1800 Cooks Hill Rd
Centralia, WA 98531",46.713604,-122.983925,vision-care,Providence Urology-Centralia,wa,aberdeen
Gerald Kuwada,GeraldKuwada@gmail.com,(360) 736-4151,Gerald@123,"1220 W 1st St
Centralia, WA 98531",46.722435,-122.96806,vision-care,Gerald Kuwada,wa,aberdeen
Thompson Brad Acupuncture,ThompsonBrad@gmail.com,(360) 786-6977,Thompson@123,"222 Kenyon St NW
Olympia, WA 98502",47.046917,-122.93356,vision-care,Thompson Brad Acupuncture,wa,aberdeen
A Positive Take on Life,APositive@gmail.com,(360) 878-7777,A@123,"2629 Parkmont Ln SW
Olympia, WA 98502",47.035812,-122.93554,vision-care,A Positive Take on Life,wa,aberdeen
Multicare Regional Maternal Fetal Medicine - Olympia,MulticareRegional@gmail.com,(253) 403-9200,Multicare@123,"408 Lilly Rd NE
Olympia, WA 98506",47.05129,-122.84418,vision-care,Multicare Regional Maternal Fetal Medicine - Olympia,wa,aberdeen
Munson Sally,MunsonSally@gmail.com,(360) 493-7191,Munson@123,"3425 Ensign Rd NE Ste 250B
Olympia, WA 98506",47.050934,-122.848625,vision-care,Munson Sally,wa,aberdeen
Seamar Community Health Center,SeamarCommunity@gmail.com,(360) 482-4510,Seamar@123,"109 S Sixth St
Elma, WA 98541",47.002216,-123.48429,vision-care,Seamar Community Health Center,wa,aberdeen
Mark E Reed Health Care District,MarkE@gmail.com,(360) 861-8249,Mark@123,"420 E Young St
Elma, WA 98541",47.005978,-123.39261,vision-care,Mark E Reed Health Care District,wa,aberdeen
Providence St Peters Outpatient Therapy,ProvidenceSt@gmail.com,(360) 493-4394,Providence@123,"719 Sleater Kinney Rd SE
Lacey, WA 98503",47.04112,-122.833984,vision-care,Providence St Peters Outpatient Therapy,wa,aberdeen
"Sedra, Heidi L, MSN","Sedra,Heidi@gmail.com",(360) 537-6496,"Sedra,@123","1006 N H St
Aberdeen, WA 98520",46.98054,-123.82083,vision-care,"Sedra, Heidi L, MSN",wa,aberdeen
Advanced Health Care,AdvancedHealth@gmail.com,(360) 459-7888,Advanced@123,"3825 Martin Way E Ste 104
Olympia, WA 98506",47.047382,-122.83997,vision-care,Advanced Health Care,wa,aberdeen
American Medical Response,AmericanMedical@gmail.com,(360) 807-9289,American@123,"612 S Tower Ave
Centralia, WA 98531",46.711033,-122.95635,vision-care,American Medical Response,wa,aberdeen
Walmart - Vision Center,Walmart-@gmail.com,(360) 350-6024,Walmart@123,"5900 Littlerock Rd SW
Tumwater, WA 98512",46.995293,-122.921036,vision-care,Walmart - Vision Center,wa,aberdeen
Sound Ent Consultants,SoundEnt@gmail.com,(360) 754-6069,Sound@123,"406 Yauger Way SW Ste B
Olympia, WA 98502",47.046352,-122.949554,vision-care,Sound Ent Consultants,wa,aberdeen
Apogee Health Care Professionals,ApogeeHealth@gmail.com,(360) 943-1045,Apogee@123,"6009 Capitol Blvd SW
Tumwater, WA 98501",46.995144,-122.907776,vision-care,Apogee Health Care Professionals,wa,aberdeen
Brianna PA Clayton,BriannaPA@gmail.com,(360) 426-2500,Brianna@123,"237 Professional Way
Shelton, WA 98584",47.224842,-123.11149,vision-care,Brianna PA Clayton,wa,aberdeen
Dana Smith Advanced Registered Nurse Practitioner,DanaSmith@gmail.com,(360) 736-6778,Dana@123,"1911 Cooks Hill Rd
Centralia, WA 98531",46.713882,-122.98546,vision-care,Dana Smith Advanced Registered Nurse Practitioner,wa,aberdeen
Providence Express Care @Home House Call Doctors-Olympia,ProvidenceExpress@gmail.com,(844) 419-9000,Providence@123,"413 Lilly Rd NE
Olympia, WA 98506",47.05136,-122.84458,vision-care,Providence Express Care @Home House Call Doctors-Olympia,wa,aberdeen
Children's Hospital,Children'sHospital@gmail.com,(360) 459-5009,Children's@123,"3504 12th Ave NE
Olympia, WA 98506",47.05615,-122.84578,vision-care,Children's Hospital,wa,aberdeen
Holmes Family Chiropractic,HolmesFamily@gmail.com,(360) 556-5707,Holmes@123,"822 Sleater Kinney Rd NE
Olympia, WA 98506",47.055084,-122.83348,vision-care,Holmes Family Chiropractic,wa,aberdeen
American Family Vision Clinic,AmericanFamily@gmail.com,(360) 491-2121,American@123,"400 Yauger Way SW
Olympia, WA 98502",47.04694,-122.94955,vision-care,American Family Vision Clinic,wa,aberdeen
Providence Regional Cancer System - Shelton,ProvidenceRegional@gmail.com,(360) 754-3934,Providence@123,"2026 Olympic Hwy N Ste 203
Shelton, WA 98584",47.22266,-123.12066,vision-care,Providence Regional Cancer System - Shelton,wa,aberdeen
Providence Health & Services,ProvidenceHealth@gmail.com,(360) 486-6710,Providence@123,"1620 Cooper Point Rd SW
Olympia, WA 98502",47.033665,-122.93612,vision-care,Providence Health & Services,wa,aberdeen
Capital Neurology,CapitalNeurology@gmail.com,(360) 596-4614,Capital@123,"3920 Capital Mall Dr SW Ste 402
Olympia, WA 98502",47.041847,-122.95177,vision-care,Capital Neurology,wa,aberdeen
Lyndas Healthcare,LyndasHealthcare@gmail.com,(360) 291-0038,Lyndas@123,"747 Chandler Rd
Chehalis, WA 98532",46.638317,-123.29458,vision-care,Lyndas Healthcare,wa,aberdeen
"Helen M Banner, ARNP",HelenM@gmail.com,(360) 357-8822,Helen@123,"6342 Littlerock Rd SW
Tumwater, WA 98512",46.99149,-122.923805,vision-care,"Helen M Banner, ARNP",wa,aberdeen
Northwest Health Care,NorthwestHealth@gmail.com,(360) 972-2394,Northwest@123,"1800 Cooper Point Rd SW
Olympia, WA 98502",47.03208,-122.934875,vision-care,Northwest Health Care,wa,aberdeen
Capital Ent,CapitalEnt@gmail.com,(360) 704-4745,Capital@123,"404 Black Hills Ln SW Ste B
Olympia, WA 98502",47.04588,-122.951126,vision-care,Capital Ent,wa,aberdeen
Clarus Eye Centre,ClarusEye@gmail.com,(360) 456-3200,Clarus@123,"345 College St SE Ste C
Lacey, WA 98503",47.045204,-122.82346,vision-care,Clarus Eye Centre,wa,aberdeen
Buettner Rebecca Nd Lac,BuettnerRebecca@gmail.com,(360) 740-4201,Buettner@123,"36 NE Boistfort St
Chehalis, WA 98532",46.665462,-122.969795,vision-care,Buettner Rebecca Nd Lac,wa,aberdeen
"Katrina Stringer, RN, FNP-C","KatrinaStringer,@gmail.com",(800) 598-3345,Katrina@123,"815 K St
Hoquiam, WA 98550",46.97538,-123.88479,vision-care,"Katrina Stringer, RN, FNP-C",wa,aberdeen
"James Stauffer, PA-C","JamesStauffer,@gmail.com",(360) 426-2653,James@123,"939 Mountain View Dr
Shelton, WA 98584",47.226875,-123.11338,vision-care,"James Stauffer, PA-C",wa,aberdeen
"Auttelet, George, DC","Auttelet,George,@gmail.com",(360) 642-8588,"Auttelet,@123","1108 Pacific Ave N
Long Beach, WA 98631",46.359577,-124.05386,vision-care,"Auttelet, George, DC",wa,aberdeen
Wa Free Clinic Assn,WaFree@gmail.com,(360) 705-0892,Wa@123,"112 State Ave NE
Olympia, WA 98501",47.045918,-122.901535,vision-care,Wa Free Clinic Assn,wa,aberdeen
Elma Health Care Clinic,ElmaHealth@gmail.com,(360) 482-5300,Elma@123,"11 Schouweiler Rd
Elma, WA 98541",46.997856,-123.44548,vision-care,Elma Health Care Clinic,wa,aberdeen
Sky Goudy Physical Therapy,SkyGoudy@gmail.com,(360) 533-2252,Sky@123,"320 W Market St
Aberdeen, WA 98520",46.9738,-123.82168,vision-care,Sky Goudy Physical Therapy,wa,aberdeen
Coastal Med Grays Harbor Regional Health System,CoastalMed@gmail.com,(360) 537-6163,Coastal@123,"1006 N H St
Aberdeen, WA 98520",46.98054,-123.82083,vision-care,Coastal Med Grays Harbor Regional Health System,wa,aberdeen
Eastside Health Care,EastsideHealth@gmail.com,(360) 943-5127,Eastside@123,"1100 Eastside St SE Ste 1
Olympia, WA 98501",47.038937,-122.88729,vision-care,Eastside Health Care,wa,aberdeen
Morris Tammy L Certified Physicians,MorrisTammy@gmail.com,(360) 709-9500,Morris@123,"2960 Limited Ln NW
Olympia, WA 98502",47.047943,-122.93832,vision-care,Morris Tammy L Certified Physicians,wa,aberdeen
Skokomish Indian Tribe,SkokomishIndian@gmail.com,(360) 426-4232,Skokomish@123,"80 N Tribal Center Rd
Skokomish Nation, WA 98584",47.322025,-123.145836,vision-care,Skokomish Indian Tribe,wa,aberdeen
Pacific Northwest Renal Services Clinic Locations,PacificNorthwest@gmail.com,(360) 459-3111,Pacific@123,"719 Sleater Kinney Rd SE
Lacey, WA 98503",47.04112,-122.833984,vision-care,Pacific Northwest Renal Services Clinic Locations,wa,aberdeen
Providence Health System Inc,ProvidenceHealth@gmail.com,(360) 754-3934,Providence@123,"3920 Capital Mall Dr SW
Olympia, WA 98502",47.04183,-122.95164,vision-care,Providence Health System Inc,wa,aberdeen
"Jennifer Hooker, PA-C","JenniferHooker,@gmail.com",(360) 532-3808,Jennifer@123,"915 Anderson Dr
Aberdeen, WA 98520",46.979527,-123.84659,vision-care,"Jennifer Hooker, PA-C",wa,aberdeen
Through the Woods Counseling,Throughthe@gmail.com,(360) 884-1243,Through@123,"2024 Caton Way SW Ste 201
Olympia, WA 98502",47.030792,-122.92366,vision-care,Through the Woods Counseling,wa,aberdeen
"Barrett, Joseph, DPM","Barrett,Joseph,@gmail.com",(360) 736-4151,"Barrett,@123","1220 W 1st St
Centralia, WA 98531",46.722435,-122.968124,vision-care,"Barrett, Joseph, DPM",wa,aberdeen
Pearle Vision,PearleVision@gmail.com,(360) 357-2542,Pearle@123,"625 Black Lake Blvd SW Ste 110
Olympia, WA 98502",47.04072,-122.930885,vision-care,Pearle Vision,wa,aberdeen
Northwest Vision Center,NorthwestVision@gmail.com,(360) 489-0493,Northwest@123,"1510 Cooper Point Rd SW
Olympia, WA 98502",47.0346,-122.93763,vision-care,Northwest Vision Center,wa,aberdeen
Porter Stacy L MD,PorterStacy@gmail.com,(360) 456-4800,Porter@123,"215 Lilly Rd NE
Olympia, WA 98506",47.04907,-122.84463,vision-care,Porter Stacy L MD,wa,aberdeen
Providence Sleep Center,ProvidenceSleep@gmail.com,(360) 493-7436,Providence@123,"500 Lilly Rd NE Ste 110
Olympia, WA 98506",47.05272,-122.844215,vision-care,Providence Sleep Center,wa,aberdeen
Apogee Healthcare Pro,ApogeeHealthcare@gmail.com,(360) 943-1045,Apogee@123,"221 Kenyon St NW
Olympia, WA 98502",47.047092,-122.933876,vision-care,Apogee Healthcare Pro,wa,aberdeen
Lisa Pa-C Dell,LisaPa-C@gmail.com,(360) 426-2500,Lisa@123,"237 Professional Way
Shelton, WA 98584",47.224842,-123.11149,vision-care,Lisa Pa-C Dell,wa,aberdeen
US HealthWorks,USHealthWorks@gmail.com,(360) 455-1350,US@123,"3928 Pacific Ave SE
Lacey, WA 98503",47.039825,-122.83593,vision-care,US HealthWorks,wa,aberdeen
Walmart - Vision Center,Walmart-@gmail.com,(360) 427-8324,Walmart@123,"100 E Wallace Kneeland Blvd
Shelton, WA 98584",47.231354,-123.12775,vision-care,Walmart - Vision Center,wa,aberdeen
"Brett Igbinoba, OD","BrettIgbinoba,@gmail.com",(360) 456-4800,Brett@123,"215 Lilly Rd NE
Olympia, WA 98506",47.04907,-122.84463,vision-care,"Brett Igbinoba, OD",wa,aberdeen
Providence Panorama Clinic,ProvidencePanorama@gmail.com,(360) 491-4460,Providence@123,"1450 Northwest Ln SE Ste A
Lacey, WA 98503",47.032978,-122.8345,vision-care,Providence Panorama Clinic,wa,aberdeen
Summit Pacific Medical Center,SummitPacific@gmail.com,(360) 861-8258,Summit@123,"105 W Simpson Ave
Mccleary, WA 98557",47.055477,-123.26543,vision-care,Summit Pacific Medical Center,wa,aberdeen
Grays Harbor Vision Clinic,GraysHarbor@gmail.com,(360) 533-1880,Grays@123,"301 N Broadway St
Aberdeen, WA 98520",46.976673,-123.82086,vision-care,Grays Harbor Vision Clinic,wa,aberdeen
Providence Associates Medical Laboratories,ProvidenceAssociates@gmail.com,(360) 878-8293,Providence@123,"141 Lilly Rd NE
Olympia, WA 98506",47.048294,-122.844666,vision-care,Providence Associates Medical Laboratories,wa,aberdeen
Hoquiam Clinic,HoquiamClinic@gmail.com,(360) 537-6430,Hoquiam@123,"815 K St
Hoquiam, WA 98550",46.97538,-123.88479,vision-care,Hoquiam Clinic,wa,aberdeen
Theresa Nguyen Dpm,TheresaNguyen@gmail.com,(360) 736-4151,Theresa@123,"1220 W 1st St
Centralia, WA 98531",46.722435,-122.96806,vision-care,Theresa Nguyen Dpm,wa,aberdeen
Capital Medical Center,CapitalMedical@gmail.com,(360) 754-5858,Capital@123,"3900 Capital Mall Dr SW
Olympia, WA 98502",47.041824,-122.95161,vision-care,Capital Medical Center,wa,aberdeen
Mark Reed Hospital,MarkReed@gmail.com,(360) 495-3340,Mark@123,"114 W Maple St
Mccleary, WA 98557",47.054543,-123.26585,vision-care,Mark Reed Hospital,wa,aberdeen
MultiCare Indigo Urgent Care,MultiCareIndigo@gmail.com,(360) 763-7515,MultiCare@123,"345 Cooper Point Rd NW
Olympia, WA 98502",47.04858,-122.94142,vision-care,MultiCare Indigo Urgent Care,wa,aberdeen
Sea Mar Community Health Center,SeaMar@gmail.com,(360) 709-9220,Sea@123,"3030 Limited Ln NW
Olympia, WA 98502",47.048817,-122.93989,vision-care,Sea Mar Community Health Center,wa,aberdeen
"Cynthia C Cameli, Other",CynthiaC@gmail.com,(360) 438-0394,Cynthia@123,"5602 Ruddell Rd SE
Lacey, WA 98503",46.997654,-122.8071,vision-care,"Cynthia C Cameli, Other",wa,aberdeen
Providence Occupational Therapy,ProvidenceOccupational@gmail.com,(360) 330-8720,Providence@123,"914 S Scheuber Rd
Centralia, WA 98531",46.71252,-122.986786,vision-care,Providence Occupational Therapy,wa,aberdeen
Providence St. Peter Outpatient Palliative Care,ProvidenceSt.@gmail.com,(360) 486-2999,Providence@123,"3525 Ensign Rd NE Ste F
Olympia, WA 98506",47.050907,-122.8462,vision-care,Providence St. Peter Outpatient Palliative Care,wa,aberdeen
Genoa,Genoa@gmail.com,(360) 559-1591,Genoa@123,"2428 W Reynolds Ave
Centralia, WA 98531",46.735233,-122.98306,vision-care,Genoa,wa,aberdeen
State of Washington Administrative Hearings Office,Stateof@gmail.com,(360) 664-8717,State@123,"2420 Bristol Ct SW
Olympia, WA 98502",47.02685,-122.916695,vision-care,State of Washington Administrative Hearings Office,wa,aberdeen
Absolute Health Urgent Care Clinic,AbsoluteHealth@gmail.com,(360) 819-4288,Absolute@123,"2401 119th Ct SW Suite A104
Olympia, WA 98512",46.91466,-122.93414,vision-care,Absolute Health Urgent Care Clinic,wa,aberdeen
Sunday Clinic,SundayClinic@gmail.com,(360) 791-1964,Sunday@123,"677 woodland square loop SE
Lacey, WA 98503",47.04292,-122.82534,vision-care,Sunday Clinic,wa,aberdeen
"Dr. Janet Lynn Nunn, MD",Dr.Janet@gmail.com,(360) 956-3212,Dr.@123,"4160 6th Ave SE Ste 204
Lacey, WA 98503",47.043457,-122.83197,vision-care,"Dr. Janet Lynn Nunn, MD",wa,aberdeen
Sea Mar Community Health Center,SeaMar@gmail.com,(360) 482-4510,Sea@123,"1510 W Main St
Elma, WA 98541",47.003517,-123.419685,vision-care,Sea Mar Community Health Center,wa,aberdeen
Tumwater Family Practice Clinic,TumwaterFamily@gmail.com,(360) 754-6367,Tumwater@123,"150 Dennis St SW
Tumwater, WA 98501",46.989162,-122.90911,vision-care,Tumwater Family Practice Clinic,wa,aberdeen
Scammon Creek Physical Therapy,ScammonCreek@gmail.com,(360) 330-9346,Scammon@123,"2700 Colonial Dr
Centralia, WA 98531",46.711056,-122.99894,vision-care,Scammon Creek Physical Therapy,wa,aberdeen
Washington Park Medical Center,WashingtonPark@gmail.com,(360) 736-0771,Washington@123,"208 Centralia College Blvd
Centralia, WA 98531",46.715454,-122.95627,vision-care,Washington Park Medical Center,wa,aberdeen
Providence Regional Cancer System - Lacey,ProvidenceRegional@gmail.com,(360) 754-3934,Providence@123,"4525 3rd Avenue Southeast Suite 200, Lacey, WA 98503
Olympia, WA 98506",47.045216,-122.82576,vision-care,Providence Regional Cancer System - Lacey,wa,aberdeen
Capital Medical Center Outpatient,CapitalMedical@gmail.com,(360) 956-2562,Capital@123,"405 Black Hills Ln SW
Olympia, WA 98502",47.04654,-122.95122,vision-care,Capital Medical Center Outpatient,wa,aberdeen
Hands On Health,HandsOn@gmail.com,(360) 249-2700,Hands@123,"209 E Broadway Ave
Montesano, WA 98563",46.98131,-123.59927,vision-care,Hands On Health,wa,aberdeen
"Dr. Floyd D Smith, MD",Dr.Floyd@gmail.com,(360) 330-2023,Dr.@123,"1611 Kresky Ave Ste 112
Centralia, WA 98531",46.697254,-122.95472,vision-care,"Dr. Floyd D Smith, MD",wa,aberdeen
Providence Regional Cancer System,ProvidenceRegional@gmail.com,(360) 493-7514,Providence@123,"413 Lilly Rd NE
Olympia, WA 98506",47.05136,-122.84458,vision-care,Providence Regional Cancer System,wa,aberdeen
Sea Mar Community Health Ctr (Dental),SeaMar@gmail.com,(360) 538-1463,Sea@123,"1813 Sumner Ave
Aberdeen, WA 98520",46.975903,-123.837944,vision-care,Sea Mar Community Health Ctr (Dental),wa,aberdeen
Maternal Fetal Medicine,MaternalFetal@gmail.com,(360) 252-3800,Maternal@123,"3904 12th Ave SE
Lacey, WA 98503",47.03799,-122.836395,vision-care,Maternal Fetal Medicine,wa,aberdeen
"Sherry A Franks, PA-C",SherryA@gmail.com,(360) 875-5579,Sherry@123,"826 Alder St
South Bend, WA 98586",46.662254,-123.812546,vision-care,"Sherry A Franks, PA-C",wa,aberdeen
Watershed Wellness,WatershedWellness@gmail.com,(360) 350-0773,Watershed@123,"3912 Martin Way E
Olympia, WA 98506",47.047764,-122.83843,vision-care,Watershed Wellness,wa,aberdeen
Headspace Parking Lot P,HeadspaceParking@gmail.com,(757) 633-2208,Headspace@123,"76 Sund Rd
Elma, WA 98541",46.949757,-123.36583,vision-care,Headspace Parking Lot P,wa,aberdeen
Montesano Vision Center,MontesanoVision@gmail.com,(360) 249-3485,Montesano@123,"118 South Main Street
Montesano, WA 98563",46.9811,-123.6006,vision-care,Montesano Vision Center,wa,aberdeen
"William P Brennan, MD",WilliamP@gmail.com,(360) 413-8525,William@123,"500 Lilly Rd NE Ste 100
Olympia, WA 98506",47.05272,-122.844215,vision-care,"William P Brennan, MD",wa,aberdeen
Providence Lacey Immediate Care,ProvidenceLacey@gmail.com,(360) 493-4710,Providence@123,"4800 College St SE
Lacey, WA 98503",47.004055,-122.82298,vision-care,Providence Lacey Immediate Care,wa,aberdeen
"Powell, John B, PHD","Powell,John@gmail.com",(360) 352-4602,"Powell,@123","2118 Caton Way SW
Olympia, WA 98502",47.0295,-122.925835,vision-care,"Powell, John B, PHD",wa,aberdeen
"Leno, Pamela, CHT","Leno,Pamela,@gmail.com",(360) 764-7239,"Leno,@123","1950 Black Lake Blvd SW
Olympia, WA 98512",47.030724,-122.94263,vision-care,"Leno, Pamela, CHT",wa,aberdeen
"Dr. Raymond A. Moeller, MD",Dr.Raymond@gmail.com,(360) 923-7000,Dr.@123,"700 Lilly Rd NE
Olympia, WA 98506",47.056118,-122.844215,vision-care,"Dr. Raymond A. Moeller, MD",wa,aberdeen
Aaseby Jenni R OD Mgh Eye Clinic,AasebyJenni@gmail.com,(360) 426-8717,Aaseby@123,"2300 Kati Ct Ste C
Shelton, WA 98584",47.227615,-123.11666,vision-care,Aaseby Jenni R OD Mgh Eye Clinic,wa,aberdeen
QFC Pharmacy,QFCPharmacy@gmail.com,(360) 438-6314,QFC@123,"4775 Whitman Ln SE
Lacey, WA 98513",46.995476,-122.82427,vision-care,QFC Pharmacy,wa,aberdeen
Mason General Hospital,MasonGeneral@gmail.com,(360) 426-1611,Mason@123,"247 Professional Way
Shelton, WA 98584",47.22484,-123.1114,vision-care,Mason General Hospital,wa,aberdeen
Walmart - Vision Center,Walmart-@gmail.com,(360) 538-2720,Walmart@123,"909 E Wishkah St
Aberdeen, WA 98520",46.97713,-123.80601,vision-care,Walmart - Vision Center,wa,aberdeen
Pediatric Associates,PediatricAssociates@gmail.com,(360) 456-1600,Pediatric@123,"3516 12th Ave NE
Olympia, WA 98506",47.056145,-122.84553,vision-care,Pediatric Associates,wa,aberdeen
"Margene Deann Fields, MD",MargeneDeann@gmail.com,(360) 432-7781,Margene@123,"24261 N Us Highway 101
Hoodsport, WA 98548",47.406174,-123.14097,vision-care,"Margene Deann Fields, MD",wa,aberdeen
Providence Health & Services,ProvidenceHealth@gmail.com,(360) 827-8100,Providence@123,"1720 Cooks Hill Rd
Centralia, WA 98531",46.71359,-122.98278,vision-care,Providence Health & Services,wa,aberdeen
"Kathryne A Wagner, MD",KathryneA@gmail.com,(360) 413-8250,Kathryne@123,"500 Lilly Rd NE Ste 150
Olympia, WA 98506",47.05272,-122.844215,vision-care,"Kathryne A Wagner, MD",wa,aberdeen
Summit Pacific Medical Center,SummitPacific@gmail.com,(360) 495-5191,Summit@123,"575 E Main St
Elma, WA 98541",47.005596,-123.39229,vision-care,Summit Pacific Medical Center,wa,aberdeen
"Vuong, Monica B, MD","Vuong,Monica@gmail.com",(360) 426-8717,"Vuong,@123","2300 Kati Ct
Shelton, WA 98584",47.227615,-123.11666,vision-care,"Vuong, Monica B, MD",wa,aberdeen
Stanley Dpm Jared Podiatrist,StanleyDpm@gmail.com,(360) 943-9600,Stanley@123,"2828 Martin Way E
Olympia, WA 98506",47.04634,-122.86031,vision-care,Stanley Dpm Jared Podiatrist,wa,aberdeen
Mason General Hospital & Family of Clinics,MasonGeneral@gmail.com,(360) 427-0663,Mason@123,"939 Mountain View Dr Ste 130
Shelton, WA 98584",47.226875,-123.11338,vision-care,Mason General Hospital & Family of Clinics,wa,aberdeen
Willapa Harbor Hospital,WillapaHarbor@gmail.com,(360) 934-5866,Willapa@123,"401 Abby Rd
Raymond, WA 98577",46.6822,-123.743,vision-care,Willapa Harbor Hospital,wa,aberdeen
Hoquiam Vision Clinic,HoquiamVision@gmail.com,(360) 533-7395,Hoquiam@123,"403 7th St
Hoquiam, WA 98550",46.977287,-123.88598,vision-care,Hoquiam Vision Clinic,wa,aberdeen
Chs Medical Services,ChsMedical@gmail.com,(360) 456-5475,Chs@123,"6790 Martin Way E
Olympia, WA 98516",47.051456,-122.791695,vision-care,Chs Medical Services,wa,aberdeen
Gastroenterology Clinic,GastroenterologyClinic@gmail.com,(360) 537-6425,Gastroenterology@123,"1006 N H St
Aberdeen, WA 98520",46.98054,-123.82083,vision-care,Gastroenterology Clinic,wa,aberdeen
Respond First Medical Training,RespondFirst@gmail.com,(360) 350-0770,Respond@123,"924 Capitol Way S
Olympia, WA 98501",47.04041,-122.90081,vision-care,Respond First Medical Training,wa,aberdeen
"Edward Rosanski, Psychiatric Nurse Practitioner","EdwardRosanski,@gmail.com",(360) 979-2239,Edward@123,"500 Columbia St NW Ste 102
Olympia, WA 98501",47.048615,-122.90328,vision-care,"Edward Rosanski, Psychiatric Nurse Practitioner",wa,aberdeen
Providence Health & Services,ProvidenceHealth@gmail.com,(360) 493-4160,Providence@123,"4833 Tumwater Valley Dr SE
Olympia, WA 98501",47.005814,-122.90404,vision-care,Providence Health & Services,wa,aberdeen
Pure Infusion Suites of Olympia,PureInfusion@gmail.com,(360) 436-6800,Pure@123,"360 Lilly Rd NE
Olympia, WA 98506",47.050697,-122.84418,vision-care,Pure Infusion Suites of Olympia,wa,aberdeen
Excel Medical Center,ExcelMedical@gmail.com,(267) 335-5264,Excel@123,"810 Alder St
South Bend, WA 98586",46.662308,-123.81211,vision-care,Excel Medical Center,wa,aberdeen
Kidney Dialysis,KidneyDialysis@gmail.com,(360) 493-4488,Kidney@123,"719 Sleater Kinney Rd SE
Lacey, WA 98503",47.04112,-122.833984,vision-care,Kidney Dialysis,wa,aberdeen
"Craig J Wehrli, MD",CraigJ@gmail.com,(360) 413-8525,Craig@123,"500 Lilly Rd NE Ste 100
Olympia, WA 98506",47.05272,-122.844215,vision-care,"Craig J Wehrli, MD",wa,aberdeen
Wilson Medical Consulting,WilsonMedical@gmail.com,(360) 748-9320,Wilson@123,"108 Polaris Pl
Chehalis, WA 98532",46.63329,-122.97475,vision-care,Wilson Medical Consulting,wa,aberdeen
Choice Regional Health Network,ChoiceRegional@gmail.com,(360) 493-4550,Choice@123,"2409 Pacific Ave SE
Olympia, WA 98501",47.04528,-122.86817,vision-care,Choice Regional Health Network,wa,aberdeen
Northwest Center for Natural Medicine,NorthwestCenter@gmail.com,(360) 754-7775,Northwest@123,"1403 Garfield Ave NW
Olympia, WA 98502",47.04708,-122.91922,vision-care,Northwest Center for Natural Medicine,wa,aberdeen
Apria Healthcare,ApriaHealthcare@gmail.com,(360) 352-1753,Apria@123,"405 Black Hills Ln SW
Olympia, WA 98502",47.04654,-122.95122,vision-care,Apria Healthcare,wa,aberdeen
"Lucinda T Boudreau, PA-C",LucindaT@gmail.com,(360) 426-2653,Lucinda@123,"1701 N 13th St Ste 100
Shelton, WA 98584",47.223763,-123.11331,vision-care,"Lucinda T Boudreau, PA-C",wa,aberdeen
Providence Olympia Urology,ProvidenceOlympia@gmail.com,(360) 486-6772,Providence@123,"149 Lilly Rd NE
Olympia, WA 98506",47.048344,-122.844666,vision-care,Providence Olympia Urology,wa,aberdeen
Childrens Olympia,ChildrensOlympia@gmail.com,(360) 459-5009,Childrens@123,"205 Lilly Rd NE # B-A
Olympia, WA 98506",47.04895,-122.84463,vision-care,Childrens Olympia,wa,aberdeen
Grays Harbor Cardio Vascular Imaging,GraysHarbor@gmail.com,(360) 533-6447,Grays@123,"1020 Anderson Dr Ste 205
Aberdeen, WA 98520",46.981026,-123.84617,vision-care,Grays Harbor Cardio Vascular Imaging,wa,aberdeen
Olympic Healthcare Service Inc,OlympicHealthcare@gmail.com,(360) 330-8035,Olympic@123,"701 Marsh Ave
Centralia, WA 98531",46.712936,-122.97132,vision-care,Olympic Healthcare Service Inc,wa,aberdeen
Pacific Angio-Lab,PacificAngio-Lab@gmail.com,(360) 537-4170,Pacific@123,"915 Anderson Dr
Aberdeen, WA 98520",46.979527,-123.84659,vision-care,Pacific Angio-Lab,wa,aberdeen
Olympia Multi Specialty Clinic,OlympiaMulti@gmail.com,(360) 754-1735,Olympia@123,"406 Black Hills Ln SW
Olympia, WA 98502",47.045826,-122.95112,vision-care,Olympia Multi Specialty Clinic,wa,aberdeen
Providence Olympia Physical Medicine,ProvidenceOlympia@gmail.com,(360) 493-4500,Providence@123,"4800 College St SE Bldg 2
Lacey, WA 98503",47.004055,-122.82298,vision-care,Providence Olympia Physical Medicine,wa,aberdeen
Providence St Peter Chemical Dependency Center,ProvidenceSt@gmail.com,(360) 456-7575,Providence@123,"4800 College St SE
Lacey, WA 98503",47.004055,-122.82298,vision-care,Providence St Peter Chemical Dependency Center,wa,aberdeen
American Medical Response,AmericanMedical@gmail.com,(206) 444-4444,American@123,"1218 Borthwick St
Centralia, WA 98531",46.710648,-122.973076,vision-care,American Medical Response,wa,aberdeen
Grays Harbor Community Hospital,GraysHarbor@gmail.com,(360) 537-6470,Grays@123,"1006 N H St
Aberdeen, WA 98520",46.98054,-123.82083,vision-care,Grays Harbor Community Hospital,wa,aberdeen
Back In Action Spine & Health,BackIn@gmail.com,(360) 923-5555,Back@123,"4324 Martin Way E # A
Olympia, WA 98516",47.048416,-122.828415,vision-care,Back In Action Spine & Health,wa,aberdeen
Coastal Eye Care,CoastalEye@gmail.com,(360) 214-5079,Coastal@123,"1703 Pacific Ave S
Long Beach, WA 98631",46.341095,-124.05478,vision-care,Coastal Eye Care,wa,aberdeen
Enlightenment Home Care,EnlightenmentHome@gmail.com,(360) 339-5403,Enlightenment@123,"809 Legion Way SE Ste 305
Olympia, WA 98501",47.043682,-122.892204,vision-care,Enlightenment Home Care,wa,aberdeen
Natural Health Clinic,NaturalHealth@gmail.com,(360) 491-4131,Natural@123,"3624 Ensign Rd NE
Olympia, WA 98506",47.051147,-122.843765,vision-care,Natural Health Clinic,wa,aberdeen
Chehalis Children's Clinic,ChehalisChildren's@gmail.com,(360) 748-6693,Chehalis@123,"370 S Market Blvd
Chehalis, WA 98532",46.65944,-122.96076,vision-care,Chehalis Children's Clinic,wa,aberdeen
Vision Health,VisionHealth@gmail.com,(360) 357-3410,Vision@123,"210 Pinehurst Dr SW
Tumwater, WA 98501",46.995808,-122.90854,vision-care,Vision Health,wa,aberdeen
"Quadeer, Erum, DPM","Quadeer,Erum,@gmail.com",(360) 754-3338,"Quadeer,@123","1610 Bishop Rd SW
Tumwater, WA 98512",46.990726,-122.92251,vision-care,"Quadeer, Erum, DPM",wa,aberdeen
Environmental Health,EnvironmentalHealth@gmail.com,(360) 249-4222,Environmental@123,"100 W Broadway Ave Suite 31
Montesano, WA 98563",46.98195,-123.6021,vision-care,Environmental Health,wa,aberdeen
"Resa Shaner, PA-C","ResaShaner,@gmail.com",(360) 426-2653,Resa@123,"939 Mountain View Dr Ste 100
Shelton, WA 98584",47.226875,-123.11338,vision-care,"Resa Shaner, PA-C",wa,aberdeen
Providence Internal Medicine-South Sound,ProvidenceInternal@gmail.com,(360) 493-5255,Providence@123,"3425 Ensign Rd NE Ste 220
Olympia, WA 98506",47.050938,-122.84881,vision-care,Providence Internal Medicine-South Sound,wa,aberdeen
Paul A Surette,PaulA@gmail.com,(360) 754-6367,Paul@123,"150 Dennis St SW
Tumwater, WA 98501",46.989143,-122.90913,vision-care,Paul A Surette,wa,aberdeen
Rachel A Hanson Pa-C,RachelA@gmail.com,(360) 413-8250,Rachel@123,"500 Lilly Rd NE Ste 204
Olympia, WA 98506",47.05272,-122.844215,vision-care,Rachel A Hanson Pa-C,wa,aberdeen
Grower's Outlet,Grower'sOutlet@gmail.com,(360) 875-8189,Grower's@123,"613 Montana Ave
South Bend, WA 98586",46.667885,-123.78791,vision-care,Grower's Outlet,wa,aberdeen
Elma Vision Center,ElmaVision@gmail.com,(360) 482-6482,Elma@123,"209 N 3rd St
Elma, WA 98541",47.00533,-123.40435,vision-care,Elma Vision Center,wa,aberdeen
Capital Family Sports Med,CapitalFamily@gmail.com,(360) 515-0620,Capital@123,"403 Black Hills Ln SW
Olympia, WA 98502",47.046604,-122.95068,vision-care,Capital Family Sports Med,wa,aberdeen
Beverly Huddleston Advanced Registered Nurse Practitioner,BeverlyHuddleston@gmail.com,(360) 330-8950,Beverly@123,"1000 S Scheuber Rd
Centralia, WA 98531",46.71208,-122.986786,vision-care,Beverly Huddleston Advanced Registered Nurse Practitioner,wa,aberdeen
Ocean Park Mercantile,OceanPark@gmail.com,(360) 777-3192,Ocean@123,"1310 Bay Ave
Ocean Park, WA 98640",46.49135,-124.051895,vision-care,Ocean Park Mercantile,wa,aberdeen
Aberdeen Cataract & Laser,AberdeenCataract@gmail.com,(360) 533-5800,Aberdeen@123,"118 W 1st St
Aberdeen, WA 98520",46.975636,-123.82048,vision-care,Aberdeen Cataract & Laser,wa,aberdeen
Quantum Energetics Center Inc,QuantumEnergetics@gmail.com,(360) 456-0689,Quantum@123,"1307 College St SE
Lacey, WA 98503",47.03506,-122.82347,vision-care,Quantum Energetics Center Inc,wa,aberdeen
Providence Health,ProvidenceHealth@gmail.com,(360) 236-9888,Providence@123,"7515 Terminal St SW
Olympia, WA 98501",46.979713,-122.91059,vision-care,Providence Health,wa,aberdeen
Olympia Vision Clinic Contact,OlympiaVision@gmail.com,(360) 459-2108,Olympia@123,"5321 Corporate Center Loop SE
Lacey, WA 98503",46.99977,-122.824905,vision-care,Olympia Vision Clinic Contact,wa,aberdeen
Providence Regional Cancer System - Centralia,ProvidenceRegional@gmail.com,(360) 330-8939,Providence@123,"2015 Cooks Hill Rd Ste 200
Centralia, WA 98531",46.71391,-122.98746,vision-care,Providence Regional Cancer System - Centralia,wa,aberdeen
MultiCare Occupational Medicine,MultiCareOccupational@gmail.com,(360) 763-7530,MultiCare@123,"345 Cooper Point Rd NW
Olympia, WA 98502",47.04858,-122.94142,vision-care,MultiCare Occupational Medicine,wa,aberdeen
"Robert S. Wark, MD",RobertS.@gmail.com,(360) 413-8525,Robert@123,"500 Lilly Rd NE Ste 100
Olympia, WA 98506",47.05272,-122.844215,vision-care,"Robert S. Wark, MD",wa,aberdeen
Anesis Spine and Pain Care,AnesisSpine@gmail.com,(206) 538-6300,Anesis@123,"2950 Limited Ln NW
Olympia, WA 98502",47.04793,-122.93815,vision-care,Anesis Spine and Pain Care,wa,aberdeen
Hearing Healthcare Center Inc.,HearingHealthcare@gmail.com,(360) 996-4394,Hearing@123,"409 S Market Blvd
Chehalis, WA 98532",46.658905,-122.96058,vision-care,Hearing Healthcare Center Inc.,wa,aberdeen
"Huebner, David B, DPM","Huebner,David@gmail.com",(360) 736-4151,"Huebner,@123","1220 W 1st St
Centralia, WA 98531",46.722435,-122.96806,vision-care,"Huebner, David B, DPM",wa,aberdeen
Providence Cardiology Associates - Aberdeen,ProvidenceCardiology@gmail.com,(866) 805-5755,Providence@123,"1921 Sumner Ave
Aberdeen, WA 98520",46.97591,-123.83935,vision-care,Providence Cardiology Associates - Aberdeen,wa,aberdeen
MultiCare Health System,MultiCareHealth@gmail.com,(360) 754-5362,MultiCare@123,"345 Cooper Point Rd NW
Olympia, WA 98502",47.04858,-122.94142,vision-care,MultiCare Health System,wa,aberdeen
"Rice, John V, DPM","Rice,John@gmail.com",(360) 943-1400,"Rice,@123","2964 Limited Ln NW
Olympia, WA 98502",47.047943,-122.93837,vision-care,"Rice, John V, DPM",wa,aberdeen
"Richard P Kennedy, MD",RichardP@gmail.com,(360) 413-8525,Richard@123,"500 Lilly Rd NE Ste 100
Olympia, WA 98506",47.05272,-122.844215,vision-care,"Richard P Kennedy, MD",wa,aberdeen
Washington Healthcare Solutions,WashingtonHealthcare@gmail.com,(253) 905-9822,Washington@123,"51 E Timber Tides Dr
Union, WA 98592",47.351357,-123.02499,vision-care,Washington Healthcare Solutions,wa,aberdeen
Providence Centralia Hospital Emergency Department,ProvidenceCentralia@gmail.com,(360) 736-2803,Providence@123,"914 S Scheuber Rd
Centralia, WA 98531",46.71252,-122.986786,vision-care,Providence Centralia Hospital Emergency Department,wa,aberdeen
Seattle Children's Olympia,SeattleChildren's@gmail.com,(360) 459-5009,Seattle@123,"615 Lilly Rd NE Ste 140
Olympia, WA 98506",47.05496,-122.84462,vision-care,Seattle Children's Olympia,wa,aberdeen
Providence Centralia Hospital,ProvidenceCentralia@gmail.com,(360) 736-2803,Providence@123,"914 S Scheuber Rd
Centralia, WA 98531",46.71252,-122.986786,vision-care,Providence Centralia Hospital,wa,aberdeen
Valley View Health Center,ValleyView@gmail.com,(360) 942-3040,Valley@123,"300 Ocean Ave
Raymond, WA 98577",46.680347,-123.736824,vision-care,Valley View Health Center,wa,aberdeen
