Username,Email,Phone Number,Password,Address,Latitude,Longitude,Provider Type,Provider Name,State,City
Mason General Hospital,MasonGeneral@gmail.com,(360) 968-2088,Mason@123,"901 Mountain View Dr
Shelton, WA 98584",47.226883,-123.113655,imaging-labs,Mason General Hospital,wa,aberdeen
Tra Medical Imaging On Lilly,TraMedical@gmail.com,(360) 413-8383,Tra@123,"5210 Corporate Center Ct SE
Lacey, WA 98503",47.000874,-122.82453,imaging-labs,Tra Medical Imaging On Lilly,wa,aberdeen
Self Sound Radiology,SelfSound@gmail.com,(360) 352-5405,Self@123,"150 Dennis St SW
Tumwater, WA 98501",46.989162,-122.90911,imaging-labs,Self Sound Radiology,wa,aberdeen
"Solorio, Christina","Solorio,Christina@gmail.com",(845) 233-0412,"Solorio,@123","700 Lilly Rd NE
Olympia, WA 98506",47.05612,-122.844215,imaging-labs,"Solorio, Christina",wa,aberdeen
"Donahue, Kelly, C","Donahue,Kelly,@gmail.com",(412) 200-5611,"Donahue,@123","2010 Caton Way SW
Olympia, WA 98502",47.03094,-122.92352,imaging-labs,"Donahue, Kelly, C",wa,aberdeen
Capital Mammography,CapitalMammography@gmail.com,(360) 570-3025,Capital@123,"3920 Capital Mall Dr SW # 401, Olympia WA, 98502
Olympia, WA 98502",47.04225,-122.95218,imaging-labs,Capital Mammography,wa,aberdeen
"Dr. Dennis D O'Connell, MD",Dr.Dennis@gmail.com,(360) 533-0400,Dr.@123,"954 Anderson Dr Ste 108
Aberdeen, WA 98520",46.980206,-123.84616,imaging-labs,"Dr. Dennis D O'Connell, MD",wa,aberdeen
Tra Medical Imaging on Lilly,TraMedical@gmail.com,(360) 413-8383,Tra@123,"150 Dennis St SW
Tumwater, WA 98501",46.989162,-122.90911,imaging-labs,Tra Medical Imaging on Lilly,wa,aberdeen
South Sound Radiology,SouthSound@gmail.com,(360) 493-4600,South@123,"3417 Ensign Rd NE
Olympia, WA 98506",47.050938,-122.84905,imaging-labs,South Sound Radiology,wa,aberdeen
Integrity Labs,IntegrityLabs@gmail.com,(360) 489-1707,Integrity@123,"2747 Pacific Ave SE
Olympia, WA 98501",47.043518,-122.86238,imaging-labs,Integrity Labs,wa,aberdeen
Laboratories Northwest,LaboratoriesNorthwest@gmail.com,(360) 252-3824,Laboratories@123,"3504 12th Ave NE
Olympia, WA 98506",47.05615,-122.84578,imaging-labs,Laboratories Northwest,wa,aberdeen
Westcare Clinic,WestcareClinic@gmail.com,(360) 357-9392,Westcare@123,"3000 Limited Ln NW
Olympia, WA 98502",47.04796,-122.939514,imaging-labs,Westcare Clinic,wa,aberdeen
"Fidda, Nisreen, MD","Fidda,Nisreen,@gmail.com",(360) 491-8420,"Fidda,@123","413 Lilly Rd NE
Olympia, WA 98506",47.05136,-122.84458,imaging-labs,"Fidda, Nisreen, MD",wa,aberdeen
Dynacare Lab,DynacareLab@gmail.com,(360) 923-4663,Dynacare@123,"5130 Corporate Center Ct SE
Lacey, WA 98503",47.001255,-122.82441,imaging-labs,Dynacare Lab,wa,aberdeen
LabCorp,LabCorp@gmail.com,(360) 533-4530,LabCorp@123,"1020 Anderson Dr
Aberdeen, WA 98520",46.981026,-123.84617,imaging-labs,LabCorp,wa,aberdeen
"Michelle Ouyang, MD","MichelleOuyang,@gmail.com",(360) 493-7460,Michelle@123,"413 Lilly Rd NE
Olympia, WA 98506",47.05136,-122.84458,imaging-labs,"Michelle Ouyang, MD",wa,aberdeen
Digital Imaging Northwest,DigitalImaging@gmail.com,(360) 943-1703,Digital@123,"225 State Ave NE
Olympia, WA 98501",47.04573,-122.90016,imaging-labs,Digital Imaging Northwest,wa,aberdeen
Grays Harbor Cardio Vascular Imaging,GraysHarbor@gmail.com,(360) 533-6447,Grays@123,"1020 Anderson Dr Ste 205
Aberdeen, WA 98520",46.981026,-123.84617,imaging-labs,Grays Harbor Cardio Vascular Imaging,wa,aberdeen
Providence Associates Medical Laboratories,ProvidenceAssociates@gmail.com,(360) 878-8293,Providence@123,"141 Lilly Rd NE
Olympia, WA 98506",47.048294,-122.844666,imaging-labs,Providence Associates Medical Laboratories,wa,aberdeen
Pacific Angio-Lab,PacificAngio-Lab@gmail.com,(360) 537-4170,Pacific@123,"915 Anderson Dr
Aberdeen, WA 98520",46.979527,-123.84659,imaging-labs,Pacific Angio-Lab,wa,aberdeen
Cedar Grove Inc.,CedarGrove@gmail.com,(360) 533-3161,Cedar@123,"614 W Market St
Aberdeen, WA 98520",46.971878,-123.825386,imaging-labs,Cedar Grove Inc.,wa,aberdeen
"Mather, Jessica","Mather,Jessica@gmail.com",(360) 485-0115,"Mather,@123","2008 Caton Way SW
Olympia, WA 98502",47.03096,-122.92351,imaging-labs,"Mather, Jessica",wa,aberdeen
Paclab Network Laboratories,PaclabNetwork@gmail.com,(360) 330-8993,Paclab@123,"914 S Scheuber Rd
Centralia, WA 98531",46.71252,-122.986786,imaging-labs,Paclab Network Laboratories,wa,aberdeen
Providence Centralia Imaging Center,ProvidenceCentralia@gmail.com,(360) 330-8507,Providence@123,"908 S Scheuber Rd Ste A
Centralia, WA 98531",46.71292,-122.98679,imaging-labs,Providence Centralia Imaging Center,wa,aberdeen
Quest Diagnostics,QuestDiagnostics@gmail.com,(360) 532-0737,Quest@123,"1921 Sumner Ave
Aberdeen, WA 98520",46.97591,-123.83935,imaging-labs,Quest Diagnostics,wa,aberdeen
Grays Harbor Imaging,GraysHarbor@gmail.com,(360) 533-0400,Grays@123,"1108 Basich Blvd
Aberdeen, WA 98520",46.982094,-123.84516,imaging-labs,Grays Harbor Imaging,wa,aberdeen
Same Day Std Testing,SameDay@gmail.com,(360) 350-6374,Same@123,"404 Black Hills Ln SW Ste A
Olympia, WA 98502",47.04588,-122.951126,imaging-labs,Same Day Std Testing,wa,aberdeen
Medical Caregivers,MedicalCaregivers@gmail.com,(360) 858-7309,Medical@123,"304 State St
Oakville, WA 98568",46.83922,-123.23309,imaging-labs,Medical Caregivers,wa,aberdeen
Blume Family Chiropractic & Massage,BlumeFamily@gmail.com,(360) 330-1800,Blume@123,"1611 Kresky Ave Ste 108
Centralia, WA 98531",46.697254,-122.95472,imaging-labs,Blume Family Chiropractic & Massage,wa,aberdeen
"Beeler, Chase, Lee","Beeler,Chase,@gmail.com",(206) 424-8661,"Beeler,@123","2010 Caton Way SW
Olympia, WA 98502",47.03094,-122.92352,imaging-labs,"Beeler, Chase, Lee",wa,aberdeen
Paclab/Aberdeen West Patient,Paclab/AberdeenWest@gmail.com,(360) 533-4530,Paclab/Aberdeen@123,"1020 Anderson Dr
Aberdeen, WA 98520",46.981026,-123.84617,imaging-labs,Paclab/Aberdeen West Patient,wa,aberdeen
Interpath Laboratory,InterpathLaboratory@gmail.com,(360) 489-0980,Interpath@123,"403 Black Hills Ln SW
Olympia, WA 98502",47.046604,-122.95068,imaging-labs,Interpath Laboratory,wa,aberdeen
Capital Medical Center Sleep Lab,CapitalMedical@gmail.com,(360) 754-1739,Capital@123,"3920 Capital Mall Dr SW Ste 200
Olympia, WA 98502",47.04183,-122.95164,imaging-labs,Capital Medical Center Sleep Lab,wa,aberdeen
TRA Medical Imaging On Lilly,TRAMedical@gmail.com,(360) 413-8383,TRA@123,"500 Lilly Rd NE Ste 160
Olympia, WA 98506",47.05272,-122.844215,imaging-labs,TRA Medical Imaging On Lilly,wa,aberdeen
P A M L Pathology Assoc,PA@gmail.com,(360) 438-4223,P@123,"141 Lilly Rd NE
Olympia, WA 98506",47.04826,-122.84467,imaging-labs,P A M L Pathology Assoc,wa,aberdeen
Rzie Labs,RzieLabs@gmail.com,(360) 878-6024,Rzie@123,"1213 Cora St SE
Lacey, WA 98503",47.037308,-122.83716,imaging-labs,Rzie Labs,wa,aberdeen
Pathology Associates Medical Lab,PathologyAssociates@gmail.com,(360) 934-5595,Pathology@123,"300 Ocean Ave
Raymond, WA 98577",46.680347,-123.736824,imaging-labs,Pathology Associates Medical Lab,wa,aberdeen
"Dr. Ronald R Smith, MD",Dr.Ronald@gmail.com,(360) 754-1739,Dr.@123,"3525 Ensign Rd NE Ste B
Olympia, WA 98506",47.050907,-122.8462,imaging-labs,"Dr. Ronald R Smith, MD",wa,aberdeen
Inside View 3D & 4D Ultrasound Olympia,InsideView@gmail.com,(360) 890-4737,Inside@123,"4160 6th Ave SE Ste 202
Lacey, WA 98503",47.043457,-122.83197,imaging-labs,Inside View 3D & 4D Ultrasound Olympia,wa,aberdeen
Laboratory Corp of America,LaboratoryCorp@gmail.com,(360) 352-2909,Laboratory@123,"110 Delphi Rd NW
Olympia, WA 98502",47.04613,-122.97502,imaging-labs,Laboratory Corp of America,wa,aberdeen
Same Day Std Testing,SameDay@gmail.com,(360) 350-6311,Same@123,"420 Lilly Rd NE
Olympia, WA 98506",47.051476,-122.844185,imaging-labs,Same Day Std Testing,wa,aberdeen
Integrated Medical Examiners,IntegratedMedical@gmail.com,(360) 570-8666,Integrated@123,"6604 Martin Way E
Olympia, WA 98516",47.051117,-122.79342,imaging-labs,Integrated Medical Examiners,wa,aberdeen
Providence South Sound Breast Center,ProvidenceSouth@gmail.com,(360) 252-9301,Providence@123,"3417 Ensign Rd NE
Olympia, WA 98506",47.050938,-122.84905,imaging-labs,Providence South Sound Breast Center,wa,aberdeen
Mason General Hospital,MasonGeneral@gmail.com,(360) 426-1611,Mason@123,"901 Mountain View Dr
Shelton, WA 98584",47.226883,-123.113655,imaging-labs,Mason General Hospital,wa,aberdeen
"Pederson, Laura, Viviane","Pederson,Laura,@gmail.com",(360) 485-0115,"Pederson,@123","2010 Caton Way SW
Olympia, WA 98502",47.03094,-122.92352,imaging-labs,"Pederson, Laura, Viviane",wa,aberdeen
