Username,Email,Phone Number,Password,Address,Latitude,Longitude,Provider Type,Provider Name,State,City
"Duncan L Durr, PT",DuncanL@gmail.com,(360) 249-4185,Duncan@123,"508 E Pioneer Ave
Montesano, WA 98563",46.979725,-123.59509,physiotherapy,"Duncan L Durr, PT",wa,aberdeen
"Sztroin, Mark T, PT","Sztroin,Mark@gmail.com",(360) 589-3062,"Sztroin,@123","201 7th St
Hoquiam, WA 98550",46.978348,-123.88444,physiotherapy,"Sztroin, Mark T, PT",wa,aberdeen
"Singson, Vernajoy B","Singson,Vernajoy@gmail.com",(360) 532-7882,"Singson,@123","3035 Cherry St
Hoquiam, WA 98550",46.97708,-123.85549,physiotherapy,"Singson, Vernajoy B",wa,aberdeen
"Amber L Moore, LMT",AmberL@gmail.com,(360) 581-8986,Amber@123,"403 Montesano Ave.
Westport, WA 98595",46.8824,-124.1088,physiotherapy,"Amber L Moore, LMT",wa,aberdeen
"Graves, Jamie","Graves,Jamie@gmail.com",(360) 289-0251,"Graves,@123","885 Point Brown Ave NW
Ocean Shores, WA 98569",47.01504,-124.162704,physiotherapy,"Graves, Jamie",wa,aberdeen
"Dobbs, Courtney M","Dobbs,Courtney@gmail.com",(360) 537-6032,"Dobbs,@123","1006 N H St
Aberdeen, WA 98520",46.98054,-123.82083,physiotherapy,"Dobbs, Courtney M",wa,aberdeen
"Dr. Sandra Custer, MD",Dr.Sandra@gmail.com,(360) 537-5914,Dr.@123,"315 W Marcy Ave
Montesano, WA 98563",46.979862,-123.60348,physiotherapy,"Dr. Sandra Custer, MD",wa,aberdeen
Therapy Works,TherapyWorks@gmail.com,(360) 532-1707,Therapy@123,"100 S I St Ste 205
Aberdeen, WA 98520",46.97568,-123.8173,physiotherapy,Therapy Works,wa,aberdeen
"Koca, Wendy Marie","Koca,Wendy@gmail.com",(509) 876-6600,"Koca,@123","101 N Wynoochee Dr SW
Ocean Shores, WA 98569",46.96635,-124.15393,physiotherapy,"Koca, Wendy Marie",wa,aberdeen
"Graves, Jamie","Graves,Jamie@gmail.com",(360) 532-0544,"Graves,@123","501 8th St
Hoquiam, WA 98550",46.975407,-123.88604,physiotherapy,"Graves, Jamie",wa,aberdeen
"Dr. Seunghyun Ryoo, MD",Dr.Seunghyun@gmail.com,(360) 537-6032,Dr.@123,"1006 N H St
Aberdeen, WA 98520",46.98054,-123.82083,physiotherapy,"Dr. Seunghyun Ryoo, MD",wa,aberdeen
"Surratt, Joann","Surratt,Joann@gmail.com",(360) 249-8421,"Surratt,@123","315 W Marcy Ave
Montesano, WA 98563",46.979862,-123.60348,physiotherapy,"Surratt, Joann",wa,aberdeen
"Mikaila Ann Johnson, OTR",MikailaAnn@gmail.com,(360) 249-2273,Mikaila@123,"800 Medcalf St
Montesano, WA 98563",46.98877,-123.585625,physiotherapy,"Mikaila Ann Johnson, OTR",wa,aberdeen
"Dr. Lisa Brown, MD",Dr.Lisa@gmail.com,(360) 537-5914,Dr.@123,"315 W Marcy Ave
Montesano, WA 98563",46.979862,-123.60348,physiotherapy,"Dr. Lisa Brown, MD",wa,aberdeen
Harbor Physical Therapy,HarborPhysical@gmail.com,(360) 533-3853,Harbor@123,"220 W 1st St
Aberdeen, WA 98520",46.975178,-123.82137,physiotherapy,Harbor Physical Therapy,wa,aberdeen
"Christopher Jensen, DPT","ChristopherJensen,@gmail.com",(360) 537-6032,Christopher@123,"1006 N H St
Aberdeen, WA 98520",46.98054,-123.82083,physiotherapy,"Christopher Jensen, DPT",wa,aberdeen
"Joaquin, Brooke M","Joaquin,Brooke@gmail.com",(360) 249-8421,"Joaquin,@123","315 W Marcy Ave
Montesano, WA 98563",46.979862,-123.60348,physiotherapy,"Joaquin, Brooke M",wa,aberdeen
Treat Ment 4 U,TreatMent@gmail.com,(360) 910-6633,Treat@123,"PO Box 333
Montesano, WA 98563",46.9791,-123.6028,physiotherapy,Treat Ment 4 U,wa,aberdeen
"Darcia Lynn Davis, PTA",DarciaLynn@gmail.com,(360) 537-6032,Darcia@123,"1006 N H St
Aberdeen, WA 98520",46.98054,-123.82083,physiotherapy,"Darcia Lynn Davis, PTA",wa,aberdeen
"Yang, Kenneth","Yang,Kenneth@gmail.com",(360) 268-0725,"Yang,@123","801 Montesano St
Westport, WA 98595",46.8826,-124.109,physiotherapy,"Yang, Kenneth",wa,aberdeen
"Emma Dover, OTR","EmmaDover,@gmail.com",(360) 532-7882,Emma@123,"3035 Cherry St
Hoquiam, WA 98550",46.97708,-123.85549,physiotherapy,"Emma Dover, OTR",wa,aberdeen
"Megan Skelly, O.T.R./L","MeganSkelly,@gmail.com",(360) 538-2190,Megan@123,"1313 Pacific Ave
Aberdeen, WA 98520",46.973156,-123.83165,physiotherapy,"Megan Skelly, O.T.R./L",wa,aberdeen
"Jeri Lyn Reinertsen, OTRL",JeriLyn@gmail.com,(360) 249-3202,Jeri@123,"301 N Sylvia St
Montesano, WA 98563",46.98385,-123.598465,physiotherapy,"Jeri Lyn Reinertsen, OTRL",wa,aberdeen
Rehab Visions,RehabVisions@gmail.com,(360) 537-6032,Rehab@123,"1006 N H St
Aberdeen, WA 98520",46.98054,-123.82083,physiotherapy,Rehab Visions,wa,aberdeen
"Dr. Schuyler Rose, MD",Dr.Schuyler@gmail.com,(360) 249-2273,Dr.@123,"800 Medcalf St
Montesano, WA 98563",46.98877,-123.585625,physiotherapy,"Dr. Schuyler Rose, MD",wa,aberdeen
"Tyler Fossen, DPT","TylerFossen,@gmail.com",(360) 532-5122,Tyler@123,"920 Anderson Dr
Aberdeen, WA 98520",46.979782,-123.846176,physiotherapy,"Tyler Fossen, DPT",wa,aberdeen
"Tamara Kay Darrin, LMP",TamaraKay@gmail.com,(360) 538-2475,Tamara@123,"319 K St
Hoquiam, WA 98550",46.979645,-123.89087,physiotherapy,"Tamara Kay Darrin, LMP",wa,aberdeen
"Cherie Page Bfa, Lmp",CheriePage@gmail.com,(360) 402-7493,Cherie@123,"973 Us Highway 101
Cosmopolis, WA 98537",46.885284,-123.71267,physiotherapy,"Cherie Page Bfa, Lmp",wa,aberdeen
"Victoria Jarosz, PT","VictoriaJarosz,@gmail.com",(360) 537-6496,Victoria@123,"1006 N H St
Aberdeen, WA 98520",46.98054,-123.82083,physiotherapy,"Victoria Jarosz, PT",wa,aberdeen
"Grace Rauh, OTD","GraceRauh,@gmail.com",(360) 537-6032,Grace@123,"1006 N H St
Aberdeen, WA 98520",46.98054,-123.82083,physiotherapy,"Grace Rauh, OTD",wa,aberdeen
"Joe W Arndt, PT",JoeW@gmail.com,(360) 249-4185,Joe@123,"508 E Pioneer Ave
Montesano, WA 98563",46.979725,-123.59509,physiotherapy,"Joe W Arndt, PT",wa,aberdeen
"West, Jeanne D","West,Jeanne@gmail.com",(360) 532-5454,"West,@123","201 7th St
Hoquiam, WA 98550",46.978348,-123.88444,physiotherapy,"West, Jeanne D",wa,aberdeen
Ambiance Massage and Spa,AmbianceMassage@gmail.com,(360) 537-5914,Ambiance@123,"301 N Broadway St
Aberdeen, WA 98520",46.976696,-123.82081,physiotherapy,Ambiance Massage and Spa,wa,aberdeen
"Andrew Field, DPT","AndrewField,@gmail.com",(360) 532-8330,Andrew@123,"1006 N H St
Aberdeen, WA 98520",46.98054,-123.82083,physiotherapy,"Andrew Field, DPT",wa,aberdeen
GHCH Rehab Visions,GHCHRehab@gmail.com,(360) 268-0725,GHCH@123,"801 N Montesano St
Westport, WA 98595",46.893555,-124.10451,physiotherapy,GHCH Rehab Visions,wa,aberdeen
"Curry, Ralph J, OT","Curry,Ralph@gmail.com",(360) 532-5454,"Curry,@123","201 7th St
Hoquiam, WA 98550",46.978348,-123.88444,physiotherapy,"Curry, Ralph J, OT",wa,aberdeen
Northwest Therapeutic Center,NorthwestTherapeutic@gmail.com,(360) 581-2890,Northwest@123,"117 S Fleet St
Montesano, WA 98563",46.981083,-123.60337,physiotherapy,Northwest Therapeutic Center,wa,aberdeen
"Jackson, Brittany A","Jackson,Brittany@gmail.com",(360) 249-2273,"Jackson,@123","800 Medcalf St
Montesano, WA 98563",46.98877,-123.585625,physiotherapy,"Jackson, Brittany A",wa,aberdeen
Sky Goudy Physical Therapy,SkyGoudy@gmail.com,(360) 533-2252,Sky@123,"320 W Market St
Aberdeen, WA 98520",46.9738,-123.82168,physiotherapy,Sky Goudy Physical Therapy,wa,aberdeen
"Dr. Bryana K Braykovich, MD",Dr.Bryana@gmail.com,(360) 537-6032,Dr.@123,"1006 N H St
Aberdeen, WA 98520",46.98054,-123.82083,physiotherapy,"Dr. Bryana K Braykovich, MD",wa,aberdeen
Aubrianna Rachelle Mccann,AubriannaRachelle@gmail.com,(360) 470-8551,Aubrianna@123,"324 S Main St Ste B
Montesano, WA 98563",46.97902,-123.600624,physiotherapy,Aubrianna Rachelle Mccann,wa,aberdeen
"Elizabeth Short, LMP","ElizabethShort,@gmail.com",(360) 249-5585,Elizabeth@123,"109 E Marcy Ave
Montesano, WA 98563",46.979908,-123.600525,physiotherapy,"Elizabeth Short, LMP",wa,aberdeen
"Teeter, Rebecca","Teeter,Rebecca@gmail.com",(360) 581-0922,"Teeter,@123","1 Meander Way
Aberdeen, WA 98520",46.965057,-123.799065,physiotherapy,"Teeter, Rebecca",wa,aberdeen
Montesano Physical Therapy Inc,MontesanoPhysical@gmail.com,(360) 964-3396,Montesano@123,"508 E Pioneer Ave
Montesano, WA 98563",46.979725,-123.59509,physiotherapy,Montesano Physical Therapy Inc,wa,aberdeen
"Jones, Bessie","Jones,Bessie@gmail.com",(360) 249-8291,"Jones,@123","330 W Pioneer Ave
Montesano, WA 98563",46.97961,-123.603584,physiotherapy,"Jones, Bessie",wa,aberdeen
Chiropractic Offices,ChiropracticOffices@gmail.com,(360) 533-6920,Chiropractic@123,"400 W Wishkah St
Aberdeen, WA 98520",46.97244,-123.82176,physiotherapy,Chiropractic Offices,wa,aberdeen
Grays Harbor Community Hospital,GraysHarbor@gmail.com,(360) 537-6470,Grays@123,"1006 N H St
Aberdeen, WA 98520",46.98054,-123.82083,physiotherapy,Grays Harbor Community Hospital,wa,aberdeen
"Mullins, Isabel R","Mullins,Isabel@gmail.com",(360) 537-6032,"Mullins,@123","1006 N H St
Aberdeen, WA 98520",46.98054,-123.82083,physiotherapy,"Mullins, Isabel R",wa,aberdeen
"Garcia, Amanda","Garcia,Amanda@gmail.com",(360) 532-5454,"Garcia,@123","201 7th St
Hoquiam, WA 98550",46.978348,-123.88444,physiotherapy,"Garcia, Amanda",wa,aberdeen
"Beal, Sonja O","Beal,Sonja@gmail.com",(360) 532-5454,"Beal,@123","201 7th St
Hoquiam, WA 98550",46.978348,-123.88444,physiotherapy,"Beal, Sonja O",wa,aberdeen
"Amanda D Heppner, LMT",AmandaD@gmail.com,(253) 655-7726,Amanda@123,"221 W Wynooche Ave Unit B
Montesano, WA 98563",46.97835,-123.60257,physiotherapy,"Amanda D Heppner, LMT",wa,aberdeen
"Havelka, Julie M","Havelka,Julie@gmail.com",(360) 532-0544,"Havelka,@123","501 8th St
Hoquiam, WA 98550",46.975407,-123.88604,physiotherapy,"Havelka, Julie M",wa,aberdeen
"Dagnen, Renee D","Dagnen,Renee@gmail.com",(360) 581-7215,"Dagnen,@123","315 W Marcy Ave
Montesano, WA 98563",46.979862,-123.60348,physiotherapy,"Dagnen, Renee D",wa,aberdeen
Harbor Chiropractic Center Inc,HarborChiropractic@gmail.com,(360) 533-2630,Harbor@123,"2555 Sumner Ave
Hoquiam, WA 98550",46.97628,-123.866394,physiotherapy,Harbor Chiropractic Center Inc,wa,aberdeen
Jenae Irwin,JenaeIrwin@gmail.com,(360) 533-3853,Jenae@123,"220 W 1st St
Aberdeen, WA 98520",46.975178,-123.82137,physiotherapy,Jenae Irwin,wa,aberdeen
Hoquiam Physical Therapy Services,HoquiamPhysical@gmail.com,(360) 660-1869,Hoquiam@123,"501 8th St
Hoquiam, WA 98550",46.975407,-123.88604,physiotherapy,Hoquiam Physical Therapy Services,wa,aberdeen
"Tara Lynn Castle, LMT",TaraLynn@gmail.com,(360) 289-2835,Tara@123,"848 Ocean Shores Blvd NW
Ocean Shores, WA 98569",47.014397,-124.16598,physiotherapy,"Tara Lynn Castle, LMT",wa,aberdeen
"Patrick P Ward, Other",PatrickP@gmail.com,(360) 532-5122,Patrick@123,"920 Anderson Dr
Aberdeen, WA 98520",46.979782,-123.846176,physiotherapy,"Patrick P Ward, Other",wa,aberdeen
"Patrick Wilson, PT","PatrickWilson,@gmail.com",(360) 533-3853,Patrick@123,"220 W 1st St
Aberdeen, WA 98520",46.975178,-123.82137,physiotherapy,"Patrick Wilson, PT",wa,aberdeen
"Eddy, Jeri-Lyn B","Eddy,Jeri-Lyn@gmail.com",(360) 580-9350,"Eddy,@123","110 W Market St
Aberdeen, WA 98520",46.974854,-123.81961,physiotherapy,"Eddy, Jeri-Lyn B",wa,aberdeen
Jamie Lynn Lowe,JamieLynn@gmail.com,(360) 593-3915,Jamie@123,"PO Box 692
Westport, WA 98595",46.8873,-124.1089,physiotherapy,Jamie Lynn Lowe,wa,aberdeen
"Johnston, Kyle","Johnston,Kyle@gmail.com",(360) 289-0251,"Johnston,@123","885 Point Brown Ave NW
Ocean Shores, WA 98569",47.01504,-124.162704,physiotherapy,"Johnston, Kyle",wa,aberdeen
Ocean Shores Physical Therapy Services,OceanShores@gmail.com,(360) 289-0251,Ocean@123,"885 Point Brown Ave NW
Ocean Shores, WA 98569",47.01504,-124.162704,physiotherapy,Ocean Shores Physical Therapy Services,wa,aberdeen
"Healey L Miller, OTRL",HealeyL@gmail.com,(717) 371-5847,Healey@123,"1313 Pacific Ave
Aberdeen, WA 98520",46.973156,-123.83165,physiotherapy,"Healey L Miller, OTRL",wa,aberdeen
"Sarah Ann McCloud, DPT",SarahAnn@gmail.com,(360) 532-0544,Sarah@123,"501 8th St
Hoquiam, WA 98550",46.975407,-123.88604,physiotherapy,"Sarah Ann McCloud, DPT",wa,aberdeen
Cherie Page Bfa Lmp,CheriePage@gmail.com,(360) 402-7493,Cherie@123,"221 W Wynooche Ave Unit C
Montesano, WA 98563",46.97835,-123.60257,physiotherapy,Cherie Page Bfa Lmp,wa,aberdeen
"Stephen A Galt, PT",StephenA@gmail.com,(360) 532-0544,Stephen@123,"501 8th St
Hoquiam, WA 98550",46.975407,-123.88604,physiotherapy,"Stephen A Galt, PT",wa,aberdeen
"Trinity Ann Parris, PT",TrinityAnn@gmail.com,(360) 533-3853,Trinity@123,"220 W 1st St
Aberdeen, WA 98520",46.975178,-123.82137,physiotherapy,"Trinity Ann Parris, PT",wa,aberdeen
"Nicholas James Engel, LMT",NicholasJames@gmail.com,(360) 537-5914,Nicholas@123,"315 W Marcy Ave
Montesano, WA 98563",46.979862,-123.60348,physiotherapy,"Nicholas James Engel, LMT",wa,aberdeen
"Walsh, Elizabeth, DPT","Walsh,Elizabeth,@gmail.com",(360) 537-6032,"Walsh,@123","1006 N H St
Aberdeen, WA 98520",46.98054,-123.82083,physiotherapy,"Walsh, Elizabeth, DPT",wa,aberdeen
"Daniel Carl Burns, MSPT",DanielCarl@gmail.com,(360) 289-0251,Daniel@123,"885 Point Brown Ave NW
Ocean Shores, WA 98569",47.01504,-124.162704,physiotherapy,"Daniel Carl Burns, MSPT",wa,aberdeen
Sandra C Casberg LMP,SandraC@gmail.com,(360) 581-5582,Sandra@123,"105 E Wishkah St
Aberdeen, WA 98520",46.974213,-123.81761,physiotherapy,Sandra C Casberg LMP,wa,aberdeen
"Boone, Stephanie L, DPT","Boone,Stephanie@gmail.com",(360) 533-3853,"Boone,@123","220 W 1st St
Aberdeen, WA 98520",46.975178,-123.82137,physiotherapy,"Boone, Stephanie L, DPT",wa,aberdeen
"Dr. Maureen Ann Esget, MD",Dr.Maureen@gmail.com,(360) 537-6032,Dr.@123,"915 Anderson Dr
Aberdeen, WA 98520",46.979527,-123.84659,physiotherapy,"Dr. Maureen Ann Esget, MD",wa,aberdeen
"Mendoza, Juan M, PT","Mendoza,Juan@gmail.com",(360) 249-2273,"Mendoza,@123","800 Medcalf St
Montesano, WA 98563",46.98877,-123.585625,physiotherapy,"Mendoza, Juan M, PT",wa,aberdeen
"Goeddel, Sara, DPT","Goeddel,Sara,@gmail.com",(360) 268-0725,"Goeddel,@123","801 Montesano St
Westport, WA 98595",46.8826,-124.109,physiotherapy,"Goeddel, Sara, DPT",wa,aberdeen
Oceana Massage Therapy,OceanaMassage@gmail.com,(360) 986-3096,Oceana@123,"2200 Simpson Ave
Aberdeen, WA 98520",46.975266,-123.84325,physiotherapy,Oceana Massage Therapy,wa,aberdeen
"Suzanne Howard, PTA","SuzanneHoward,@gmail.com",(360) 537-6032,Suzanne@123,"1006 N H St
Aberdeen, WA 98520",46.98054,-123.82083,physiotherapy,"Suzanne Howard, PTA",wa,aberdeen
Clarissa Ann Wygal,ClarissaAnn@gmail.com,(360) 986-6670,Clarissa@123,"2321 Simpson Ave
Aberdeen, WA 98520",46.97499,-123.844925,physiotherapy,Clarissa Ann Wygal,wa,aberdeen
"Erin Hashiro, DPT","ErinHashiro,@gmail.com",(360) 537-6032,Erin@123,"915 Anderson Dr
Aberdeen, WA 98520",46.979527,-123.84659,physiotherapy,"Erin Hashiro, DPT",wa,aberdeen
Rivers Edge Therapy,RiversEdge@gmail.com,(360) 581-0882,Rivers@123,"796 N River Rd
Cosmopolis, WA 98537",46.853325,-123.65088,physiotherapy,Rivers Edge Therapy,wa,aberdeen
"Jill Sattler, LMT","JillSattler,@gmail.com",(360) 249-5585,Jill@123,"109 E Marcy Ave
Montesano, WA 98563",46.979908,-123.600525,physiotherapy,"Jill Sattler, LMT",wa,aberdeen
"Purdy, John H","Purdy,John@gmail.com",(360) 533-0044,"Purdy,@123","1812 Sumner Ave
Aberdeen, WA 98520",46.976177,-123.83794,physiotherapy,"Purdy, John H",wa,aberdeen
